,Country Name,Country Code,1997.0,1998.0,1999.0,2000.0,2001.0,2002.0,2003.0,2004.0,2005.0,2006.0,2007.0,2008.0,2009.0,2010.0,2011.0,2012.0,2013.0,2014.0,2015.0,2016.0,2017.0,2018.0,2019.0,2020.0
4,Aruba,ABW,,,,,,,,,,,,,,,,,,,,,,,,
5,Afghanistan,AFG,,,,,,,,,27.3092369477912,27.3092369477912,27.6859504132231,27.6859504132231,27.3092369477912,27.710843373494,27.710843373494,27.710843373494,27.710843373494,27.710843373494,27.710843373494,27.710843373494,27.710843373494,,27.8688524590164,27.0161290322581
6,Angola,AGO,9.54545454545455,15.4545454545455,15.4545454545455,15.4545454545455,15.4545454545455,15.4545454545455,15.4545454545455,15.0,15.0,15.0,15.0,37.2727272727273,38.6363636363636,38.6363636363636,38.1818181818182,34.0909090909091,34.0909090909091,36.8181818181818,36.8181818181818,36.8181818181818,30.4545454545455,30.4545454545455,30.0,30.0
7,Albania,ALB,,,5.16129032258065,5.16129032258065,5.71428571428571,5.71428571428571,5.71428571428571,6.42857142857143,7.14285714285714,7.14285714285714,7.14285714285714,7.14285714285714,16.4285714285714,16.4285714285714,15.7142857142857,15.7142857142857,17.8571428571429,20.0,20.7142857142857,22.8571428571429,27.8571428571429,27.8571428571429,29.5081967213115,29.5081967213115
8,Andorra,AND,7.14285714285714,7.14285714285714,7.14285714285714,7.14285714285714,14.2857142857143,14.2857142857143,14.2857142857143,14.2857142857143,28.5714285714286,28.5714285714286,28.5714285714286,25.0,35.7142857142857,35.7142857142857,50.0,50.0,50.0,50.0,39.2857142857143,32.1428571428571,32.1428571428571,32.1428571428571,46.4285714285714,46.4285714285714
9,Arab World,ARB,3.747161241483725,3.457446808510639,3.6167756829549806,3.77068103116583,4.621264767199441,6.130931763075857,6.04810996563574,6.69304319155952,7.036766496225965,9.34959349593497,9.753765240258195,9.801577814965343,9.902309058614565,11.91967177715396,11.32850241545893,14.87204249154997,17.36930860033727,17.793401838831805,18.77984084880636,19.275613991565365,18.88402121281993,19.060773480663,17.56653992395439,17.81901372648705
10,United Arab Emirates,ARE,0.0,0.0,0.0,0.0,0.0,0.0,0.0,0.0,0.0,5.0,22.5,22.5,22.5,22.5,17.5,17.5,17.5,17.5,22.5,22.5,22.5,22.5,50.0,50.0
11,Argentina,ARG,27.6264591439689,27.6264591439689,,26.4591439688716,,30.7392996108949,30.7392996108949,33.7254901960784,36.1867704280156,35.0194552529183,40.0,40.0,38.5214007782101,38.5214007782101,37.3540856031128,37.3540856031128,36.5758754863813,36.5758754863813,,35.7976653696498,38.1322957198444,38.9105058365759,40.1574803149606,40.8560311284047
12,Armenia,ARM,6.31578947368421,6.31578947368421,3.05343511450382,3.05343511450382,3.05343511450382,3.05343511450382,4.58015267175572,5.34351145038168,5.34351145038168,5.34351145038168,9.16030534351145,8.3969465648855,9.16030534351145,9.16030534351145,8.3969465648855,10.6870229007634,10.6870229007634,10.6870229007634,10.6870229007634,10.6870229007634,18.0952380952381,18.0952380952381,23.4848484848485,23.4848484848485
13,American Samoa,ASM,,,,,,,,,,,,,,,,,,,,,,,,
14,Antigua and Barbuda,ATG,5.26315789473684,5.26315789473684,,5.26315789473684,5.26315789473684,5.26315789473684,5.26315789473684,10.5263157894737,10.5263157894737,10.5263157894737,10.5263157894737,10.5263157894737,10.5263157894737,10.5263157894737,10.5263157894737,10.5263157894737,10.5263157894737,11.1111111111111,11.1111111111111,11.1111111111111,11.1111111111111,11.1111111111111,11.1111111111111,11.1111111111111
15,Australia,AUS,15.5405405405405,15.5405405405405,22.4489795918367,22.972972972973,,25.3333333333333,25.3333333333333,24.6666666666667,24.6666666666667,24.6666666666667,26.6666666666667,26.6666666666667,27.3333333333333,24.6666666666667,24.6666666666667,24.6666666666667,26.0,26.0,26.6666666666667,28.6666666666667,28.6666666666667,28.6666666666667,30.4635761589404,30.4635761589404
16,Austria,AUT,26.2295081967213,26.2295081967213,,26.775956284153,26.775956284153,,33.879781420765,33.879781420765,33.879781420765,32.2404371584699,32.7868852459016,27.3224043715847,27.8688524590164,27.8688524590164,27.8688524590164,27.8688524590164,33.3333333333333,32.2404371584699,30.6010928961749,30.6010928961749,34.4262295081967,34.4262295081967,39.344262295082,39.344262295082
17,Azerbaijan,AZE,12.0,12.0,12.0,,10.4838709677419,10.4838709677419,10.4838709677419,10.4838709677419,13.0434782608696,11.2903225806452,11.3821138211382,11.3821138211382,11.3821138211382,16.0,16.0,16.0,15.5737704918033,15.5737704918033,16.9354838709677,16.8,16.8,16.8,16.8067226890756,17.3553719008264
18,Burundi,BDI,,11.864406779661,5.98290598290598,14.4067796610169,14.4067796610169,18.4357541899441,18.4357541899441,18.4357541899441,30.5084745762712,30.5084745762712,30.5084745762712,30.5084745762712,31.3559322033898,32.0754716981132,30.4761904761905,30.4761904761905,30.4761904761905,30.4761904761905,36.3636363636364,36.3636363636364,36.3636363636364,36.3636363636364,36.3636363636364,38.2113821138211
19,Belgium,BEL,12.6666666666667,12.6666666666667,23.3333333333333,23.3333333333333,23.3333333333333,23.3333333333333,35.3333333333333,34.6666666666667,34.6666666666667,34.6666666666667,35.3333333333333,35.3333333333333,38.0,39.3333333333333,38.0,38.0,38.0,39.3333333333333,39.3333333333333,39.3333333333333,38.0,38.0,42.0,40.6666666666667
20,Benin,BEN,7.2289156626506,7.2289156626506,6.02409638554217,6.02409638554217,6.02409638554217,6.02409638554217,6.02409638554217,7.2289156626506,7.2289156626506,7.2289156626506,10.8433734939759,10.8433734939759,10.8433734939759,10.8433734939759,8.43373493975904,8.43373493975904,8.43373493975904,8.43373493975904,7.2289156626506,7.2289156626506,7.2289156626506,7.2289156626506,7.2289156626506,7.2289156626506
21,Burkina Faso,BFA,9.00900900900901,8.10810810810811,8.10810810810811,8.10810810810811,8.10810810810811,11.7117117117117,11.7117117117117,11.7117117117117,11.7117117117117,11.7117117117117,15.3153153153153,15.3153153153153,15.3153153153153,15.3153153153153,15.3153153153153,15.748031496063,15.748031496063,,9.44881889763779,9.44881889763779,11.0236220472441,11.0236220472441,13.3858267716535,13.3858267716535
22,Bangladesh,BGD,9.09090909090909,9.09090909090909,9.09090909090909,9.09090909090909,,2.0,2.0,2.0,14.7826086956522,15.0724637681159,,6.33333333333333,18.5507246376812,18.5507246376812,19.7142857142857,19.7142857142857,19.7142857142857,19.8275862068966,20.0,20.0,20.2857142857143,20.2857142857143,20.6303724928367,20.9169054441261
23,Bulgaria,BGR,10.8333333333333,10.8333333333333,10.8333333333333,10.8333333333333,26.25,26.25,26.25,26.25,22.0833333333333,22.0833333333333,21.6666666666667,21.6666666666667,20.8333333333333,20.8333333333333,20.8333333333333,22.9166666666667,24.5833333333333,20.0,20.4166666666667,20.4166666666667,23.75,23.75,25.8333333333333,26.6666666666667
24,Bahrain,BHR,,,,,,,0.0,0.0,0.0,2.5,2.5,2.5,2.5,2.5,10.0,10.0,10.0,7.5,7.5,7.5,7.5,15.0,15.0,15.0
25,"Bahamas, The",BHS,15.0,15.0,15.0,15.0,15.0,,20.0,20.0,20.0,20.0,12.1951219512195,12.1951219512195,12.1951219512195,12.1951219512195,12.1951219512195,13.1578947368421,13.1578947368421,13.1578947368421,13.1578947368421,13.1578947368421,12.8205128205128,12.8205128205128,12.8205128205128,12.8205128205128
26,Bosnia and Herzegovina,BIH,,,,,7.14285714285714,,16.6666666666667,16.6666666666667,16.6666666666667,14.2857142857143,11.9047619047619,11.9047619047619,19.047619047619,16.6666666666667,21.4285714285714,21.4285714285714,21.4285714285714,21.4285714285714,21.4285714285714,21.4285714285714,21.4285714285714,21.4285714285714,21.4285714285714,21.4285714285714
27,Belarus,BLR,,,,,10.3092783505155,10.3092783505155,10.3092783505155,29.3577981651376,29.0909090909091,29.0909090909091,29.0909090909091,31.8181818181818,31.8181818181818,31.8181818181818,31.8181818181818,26.605504587156,26.605504587156,26.605504587156,27.2727272727273,34.5454545454545,34.5454545454545,34.5454545454545,40.0,40.0
28,Belize,BLZ,3.44827586206897,3.44827586206897,6.89655172413793,6.89655172413793,6.89655172413793,6.89655172413793,3.33333333333333,6.66666666666667,6.66666666666667,6.66666666666667,3.33333333333333,0.0,0.0,0.0,0.0,3.125,3.125,3.125,3.125,3.125,9.375,9.375,9.375,9.375
29,Bermuda,BMU,,,,,,,,,,,,,,,,,,,,,,,,
30,Bolivia,BOL,,,11.5384615384615,11.5384615384615,11.5384615384615,18.4615384615385,18.4615384615385,19.2307692307692,16.9230769230769,16.9230769230769,16.9230769230769,16.9230769230769,22.3076923076923,25.3846153846154,25.3846153846154,25.3846153846154,25.3846153846154,53.0769230769231,53.0769230769231,53.0769230769231,53.0769230769231,53.0769230769231,53.0769230769231,53.0769230769231
31,Brazil,BRA,6.62768031189084,6.62768031189084,5.65302144249513,5.65302144249513,6.82261208576998,6.23781676413255,8.57699805068226,8.57699805068226,8.57699805068226,8.7719298245614,8.96686159844054,8.96686159844054,8.7719298245614,8.57699805068226,8.57699805068226,8.57699805068226,8.57699805068226,9.94152046783626,9.94152046783626,9.94152046783626,10.7212475633528,15.009746588694,15.009746588694,14.6198830409357
32,Barbados,BRB,10.7142857142857,10.7142857142857,10.7142857142857,10.7142857142857,10.7142857142857,10.7142857142857,13.3333333333333,13.3333333333333,13.3333333333333,13.3333333333333,13.3333333333333,10.0,10.0,10.0,10.0,10.0,16.6666666666667,16.6666666666667,16.6666666666667,16.6666666666667,16.6666666666667,20.0,20.0,20.0
33,Brunei Darussalam,BRN,,,,,,,,,,,,,,,,,,,,6.45161290322581,9.09090909090909,9.09090909090909,9.09090909090909,9.09090909090909
34,Bhutan,BTN,2.0,2.0,2.0,9.33333333333333,9.33333333333333,9.33333333333333,9.33333333333333,9.21052631578947,9.33333333333333,2.66666666666667,2.66666666666667,8.51063829787234,8.51063829787234,8.51063829787234,8.51063829787234,8.51063829787234,6.38297872340426,8.51063829787234,8.51063829787234,8.51063829787234,8.51063829787234,14.8936170212766,14.8936170212766,14.8936170212766
35,Botswana,BWA,8.51063829787234,8.51063829787234,,17.0212765957447,17.0212765957447,17.0212765957447,17.0212765957447,11.1111111111111,11.1111111111111,11.1111111111111,11.1111111111111,11.1111111111111,7.93650793650794,7.93650793650794,7.93650793650794,7.93650793650794,7.93650793650794,9.52380952380952,9.52380952380952,9.52380952380952,9.52380952380952,9.52380952380952,10.7692307692308,10.7692307692308
36,Central African Republic,CAF,3.52941176470588,3.52941176470588,7.3394495412844,7.3394495412844,7.3394495412844,7.3394495412844,,,10.4761904761905,10.4761904761905,10.4761904761905,10.4761904761905,9.61538461538462,9.61538461538462,12.5,12.5,,,,7.19424460431655,8.57142857142857,8.57142857142857,8.57142857142857,8.57142857142857
37,Canada,CAN,20.5980066445183,20.5980066445183,20.5980066445183,,20.5980066445183,20.5980066445183,20.5980066445183,21.1038961038961,21.1038961038961,20.7792207792208,21.3114754098361,22.0779220779221,22.0779220779221,22.0779220779221,24.7557003257329,24.6753246753247,24.6753246753247,25.0814332247557,26.0355029585799,26.0355029585799,26.2686567164179,26.9461077844311,28.9940828402367,28.9940828402367
38,Central Europe and the Baltics,CEB,11.48243359040274,10.96829477292203,11.482433590402747,12.960082944530845,15.566835871404386,16.11675126903552,16.26751016719384,17.141641854529983,16.723404255319164,17.099106763079543,16.843896214376873,16.81528662420381,17.07006369426751,17.027600849256896,18.43337590464026,19.267188143268832,19.210201563142732,19.705093833780158,20.116487455197138,19.892473118279575,22.304488662656183,22.72096251735308,23.692734844979178,24.80333179083758
39,Switzerland,CHE,21.0,21.0,22.5,23.0,23.0,23.0,25.0,25.0,25.0,25.0,28.5,28.5,29.0,29.0,28.5,29.0,31.0,31.0,32.0,32.0,32.5,32.5,41.5,41.5
40,Channel Islands,CHI,,,,,,,,,,,,,,,,,,,,,,,,
41,Chile,CHL,7.5,10.8333333333333,10.8333333333333,10.8333333333333,10.8333333333333,12.5,12.5,12.5,15.0,15.0,15.0,15.0,14.1666666666667,14.1666666666667,14.1666666666667,14.1666666666667,15.8333333333333,15.8333333333333,15.8333333333333,15.8333333333333,,22.5806451612903,22.5806451612903,22.5806451612903
42,China,CHN,,21.8194024840551,21.8194024840551,21.7828418230563,21.7828418230563,21.7828418230563,20.2345058626466,20.2345058626466,20.2684563758389,20.2684563758389,20.620992237597,21.325744894543,21.325744894543,21.325744894543,21.3230355943586,21.3230355943586,23.40140609307,23.40140609307,23.6228455559311,23.6228455559311,24.2476060191518,24.8993288590604,24.9411764705882,24.9411764705882
43,Cote d'Ivoire,CIV,8.0,8.0,8.0,,8.52017937219731,8.52017937219731,8.52017937219731,8.52017937219731,8.52017937219731,8.52017937219731,8.86699507389163,8.86699507389163,8.86699507389163,8.86699507389163,11.0236220472441,10.4417670682731,10.4417670682731,9.44881889763779,9.16334661354582,9.16334661354582,10.5882352941176,10.5882352941176,10.9803921568627,11.3725490196078
44,Cameroon,CMR,5.55555555555556,5.55555555555556,5.55555555555556,5.55555555555556,5.55555555555556,8.88888888888889,8.88888888888889,8.88888888888889,8.88888888888889,8.88888888888889,13.8888888888889,13.8888888888889,13.8888888888889,13.8888888888889,13.8888888888889,13.8888888888889,31.1111111111111,31.1111111111111,31.1111111111111,31.1111111111111,31.1111111111111,31.1111111111111,31.1111111111111,33.8888888888889
45,"Congo, Dem. Rep.",COD,,,,,,,,12.0,12.0,8.4,8.4,8.4,8.4,8.4,,8.94308943089431,8.94308943089431,10.6425702811245,8.94308943089431,8.94308943089431,8.94308943089431,8.94308943089431,10.0,12.8
46,"Congo, Rep.",COG,,12.0,12.0,12.0,12.0,,8.52713178294574,8.52713178294574,8.52713178294574,8.52713178294574,7.2992700729927,7.2992700729927,7.2992700729927,7.2992700729927,7.2992700729927,7.35294117647059,7.35294117647059,7.35294117647059,7.35294117647059,7.35294117647059,11.2582781456954,11.2582781456954,11.2582781456954,11.2582781456954
47,Colombia,COL,11.6564417177914,,11.8012422360248,11.8012422360248,11.8012422360248,12.0481927710843,12.0481927710843,12.0481927710843,12.1212121212121,8.43373493975904,8.43373493975904,8.43373493975904,8.43373493975904,12.6506024096386,12.1212121212121,12.1212121212121,12.1212121212121,19.8795180722892,19.8795180722892,19.8795180722892,18.6746987951807,18.1286549707602,18.7134502923977,18.3431952662722
48,Comoros,COM,0.0,0.0,,,,,,3.03030303030303,3.03030303030303,3.03030303030303,3.03030303030303,3.03030303030303,0.0,3.03030303030303,3.03030303030303,3.03030303030303,3.03030303030303,3.03030303030303,3.03030303030303,3.03030303030303,6.06060606060606,6.06060606060606,6.06060606060606,16.6666666666667
49,Cabo Verde,CPV,11.1111111111111,11.1111111111111,11.1111111111111,11.1111111111111,11.1111111111111,11.1111111111111,11.1111111111111,11.1111111111111,11.1111111111111,15.2777777777778,18.0555555555556,18.0555555555556,18.0555555555556,18.0555555555556,20.8333333333333,20.8333333333333,20.8333333333333,20.8333333333333,20.8333333333333,23.6111111111111,23.6111111111111,23.6111111111111,23.6111111111111,25.0
50,Costa Rica,CRI,15.7894736842105,19.2982456140351,19.2982456140351,19.2982456140351,19.2982456140351,35.0877192982456,35.0877192982456,35.0877192982456,35.0877192982456,38.5964912280702,36.8421052631579,36.8421052631579,36.8421052631579,38.5964912280702,38.5964912280702,38.5964912280702,38.5964912280702,33.3333333333333,33.3333333333333,33.3333333333333,35.0877192982456,45.6140350877193,45.6140350877193,45.6140350877193
51,Caribbean small states,CSS,11.570247933884295,12.023460410557174,12.911392405063287,13.225806451612904,14.615384615384615,,15.93533487297921,17.824074074074073,17.82407407407408,17.24137931034483,18.09954751131221,17.488789237668154,17.38148984198645,15.246636771300443,15.848214285714288,16.17977528089888,17.07865168539327,17.15575620767495,19.730941704035892,20.40358744394621,21.25279642058167,21.923937360178986,22.595078299776294,25.16703786191538
52,Cuba,CUB,22.7504244482173,27.6206322795341,27.6206322795341,27.6206322795341,27.6206322795341,27.6206322795341,35.9605911330049,35.9605911330049,35.9605911330049,35.9605911330049,35.9605911330049,43.1596091205212,43.1596091205212,43.1596091205212,45.221843003413,45.221843003413,48.8562091503268,48.8562091503268,48.8562091503268,48.8562091503268,48.8562091503268,53.2231404958678,53.2231404958678,53.2231404958678
53,Curacao,CUW,,,,,,,,,,,,,,,,,,,,,,,,
54,Cayman Islands,CYM,,,,,,,,,,,,,,,,,,,,,,,,
55,Cyprus,CYP,5.35714285714286,5.35714285714286,5.35714285714286,7.14285714285714,10.7142857142857,10.7142857142857,10.7142857142857,16.0714285714286,16.0714285714286,14.2857142857143,14.2857142857143,14.2857142857143,12.5,12.5,10.7142857142857,10.7142857142857,10.7142857142857,12.5,12.5,17.8571428571429,17.8571428571429,17.8571428571429,17.8571428571429,19.6428571428571
56,Czech Republic,CZE,15.0,15.0,15.0,15.0,15.0,17.0,17.0,17.0,17.0,15.5,15.5,15.5,15.5,22.0,22.0,22.0,19.5,19.5,20.0,20.0,22.0,22.0,22.5,22.5
57,Germany,DEU,26.1904761904762,26.1904761904762,30.9417040358744,30.9417040358744,31.0810810810811,32.1724709784411,32.1724709784411,32.75,31.7589576547231,31.5960912052117,31.6476345840131,32.1895424836601,32.7974276527331,32.7974276527331,32.9032258064516,32.9032258064516,36.4500792393027,36.4500792393027,36.4500792393027,36.4500792393027,30.7475317348378,30.7475317348378,30.8885754583921,31.1706629055007
58,Djibouti,DJI,,0.0,0.0,0.0,0.0,0.0,10.7692307692308,10.7692307692308,10.7692307692308,10.7692307692308,13.8461538461538,13.8461538461538,13.8461538461538,13.8461538461538,13.8461538461538,13.8461538461538,12.7272727272727,12.7272727272727,12.7272727272727,12.7272727272727,10.7692307692308,26.1538461538462,26.1538461538462,26.1538461538462
59,Dominica,DMA,9.375,9.375,9.375,,18.75,18.75,18.75,19.3548387096774,12.9032258064516,12.9032258064516,16.1290322580645,18.75,14.2857142857143,12.5,12.5,12.5,12.5,12.9032258064516,21.875,21.875,25.0,25.0,25.0,34.375
60,Denmark,DNK,32.9608938547486,37.4301675977654,37.4301675977654,37.4301675977654,,37.9888268156425,37.9888268156425,37.9888268156425,36.8715083798883,36.8715083798883,37.9888268156425,37.9888268156425,37.9888268156425,37.9888268156425,39.1061452513966,39.1061452513966,39.1061452513966,39.1061452513966,37.4301675977654,37.4301675977654,37.4301675977654,37.4301675977654,39.1061452513966,39.6648044692737
61,Dominican Republic,DOM,11.6666666666667,16.1073825503356,16.1073825503356,16.1073825503356,16.1073825503356,17.3333333333333,17.3333333333333,17.3333333333333,17.3333333333333,19.6629213483146,19.6629213483146,19.6629213483146,19.6629213483146,20.7650273224044,20.7650273224044,20.7650273224044,20.7650273224044,20.7650273224044,20.7650273224044,26.8421052631579,26.8421052631579,26.8421052631579,26.8421052631579,27.8947368421053
62,Algeria,DZA,3.15789473684211,3.15789473684211,3.15789473684211,3.42105263157895,3.42105263157895,6.16966580976864,6.16966580976864,6.16966580976864,6.16966580976864,6.16966580976864,7.7120822622108,7.7120822622108,7.7120822622108,7.7120822622108,7.96915167095116,31.6017316017316,31.6017316017316,31.6017316017316,31.6017316017316,31.6017316017316,25.7575757575758,25.7575757575758,25.7575757575758,25.7575757575758
63,East Asia & Pacific (excluding high income),EAP,,17.596707818930067,18.59778597785981,17.322834645669296,17.61500240423145,18.213660245183892,16.85944619698565,17.190872648782015,17.294730392156858,17.657483486386333,18.03278688524589,18.296284781594895,18.552875695732837,17.938538450227902,17.926846898944618,18.236732345750028,19.316877152698066,19.063245823389032,19.762665449566427,19.868637110016444,20.128033348220914,20.626015059796256,20.856373174535655,21.11395282750781
64,Early-demographic dividend,EAR,8.331444116980277,8.84310618066561,8.808977917219742,9.673024523160766,9.521619135234591,11.088550479413424,11.265911596672346,12.145948072383952,12.886882829771558,13.431567016151885,14.72120393594443,15.545093695190621,16.98824374046487,17.421208427651056,17.557797018655723,19.294201099485733,20.069270733115268,21.07317958961323,22.16251273973872,22.34532128856315,22.30537634408603,22.789593953243106,22.948551664504976,23.62335282310848
65,East Asia & Pacific,EAS,,16.046831955922887,16.84560713745655,16.357597564350957,16.55372700871249,17.216758722888326,16.06960081883318,16.625342555135088,16.90890215416558,17.28579175704989,17.750230779374906,17.95848660010509,18.333987184516804,17.769423558897245,17.698677542948943,17.856703944942844,18.82742548755061,18.595512739257206,19.287374128582513,19.426188068756343,19.810606060606048,20.2357071213641,20.503814944895232,20.869248512808056
66,Europe & Central Asia (excluding high income),ECA,6.270305393112404,6.774960380348646,,7.3027902170168755,8.933626926706513,,9.248191255111669,10.867397806580257,10.795825179386826,11.519247722597704,14.310544611819244,14.501055170334649,15.351257588898529,15.435280641466205,16.223175965665238,17.84694460308396,18.101229625393202,18.555811277330278,18.516388729154688,19.090123812266064,20.3768115942029,20.783304745568902,22.705175865027165,23.44018317115055
67,Europe & Central Asia,ECS,14.511278195488726,15.159627206028164,16.055572965632507,16.562282533054976,16.537589724216094,18.33526743327355,17.76365705614567,18.812457553119238,19.161619984859954,19.53296703296703,21.009935283930375,21.34883291816589,21.894621894621892,21.99346998004716,22.704174228675132,23.75078779148285,24.79762547220723,25.34849596478356,25.74311926605505,26.005879110784495,27.384785208352497,27.95383769921231,29.455944312145082,30.154804433452412
68,Ecuador,ECU,3.65853658536585,17.3553719008264,17.3553719008264,14.6341463414634,14.6341463414634,,16.0,16.0,16.0,25.0,25.0,25.0,32.258064516129,32.258064516129,32.258064516129,32.258064516129,38.6861313868613,41.6058394160584,41.6058394160584,41.6058394160584,37.956204379562,37.956204379562,37.956204379562,39.4160583941606
69,"Egypt, Arab Rep.",EGY,1.98237885462555,1.98237885462555,1.98237885462555,1.98237885462555,2.42290748898678,2.42290748898678,2.42290748898678,2.86343612334802,1.98237885462555,2.03619909502262,1.80995475113122,1.80995475113122,1.76211453744493,12.6953125,1.96850393700787,1.96850393700787,,,,14.9328859060403,14.9328859060403,14.9328859060403,14.9328859060403,15.1006711409396
70,Euro area,EMU,16.8688487067979,17.029068436713214,18.281885618569024,19.33146330060776,19.129438717067586,19.082301529497446,20.690459528808024,21.705046545810873,22.16014897579143,23.03944315545243,24.65213358070503,24.959443800695258,25.462534690101755,25.323774283071227,26.046726810085584,27.42420735940754,29.965397923875432,30.11075219197046,30.196078431372555,30.321238733533633,31.213084961381192,31.970006816632576,33.37119491140391,33.74205267938238
71,Eritrea,ERI,20.952380952381,20.952380952381,14.6666666666667,14.6666666666667,14.6666666666667,22.0,22.0,22.0,22.0,22.0,22.0,22.0,22.0,22.0,22.0,22.0,22.0,22.0,22.0,22.0,22.0,22.0,22.0,
72,Spain,ESP,24.7126436781609,24.7126436781609,21.551724137931,28.2857142857143,28.2857142857143,28.2857142857143,28.2857142857143,36.0,36.0,36.0,36.5714285714286,36.2857142857143,36.5714285714286,36.5714285714286,36.0,36.0,36.0,39.7142857142857,41.1428571428571,39.1428571428571,39.1428571428571,39.1428571428571,44.0,44.0
73,Estonia,EST,10.8910891089109,10.8910891089109,17.8217821782178,17.8217821782178,17.8217821782178,17.8217821782178,18.8118811881188,18.8118811881188,18.8118811881188,18.8118811881188,20.7920792079208,20.7920792079208,22.7722772277228,22.7722772277228,19.8019801980198,20.7920792079208,20.7920792079208,19.0,23.7623762376238,23.7623762376238,26.7326732673267,26.7326732673267,29.7029702970297,28.7128712871287
74,Ethiopia,ETH,2.04841713221601,2.04841713221601,2.02578268876611,7.69230769230769,7.6782449725777004,7.6782449725777004,7.6782449725777004,7.6782449725777004,21.4285714285714,21.9281663516068,21.9281663516068,21.9281663516068,21.9281663516068,27.7879341864717,27.7879341864717,27.7879341864717,27.7879341864717,27.7879341864717,38.7568555758684,38.7568555758684,38.7568555758684,38.7568555758684,38.7568555758684,38.7568555758684
75,European Union,EUU,17.01488050503533,17.05997294453631,17.994739285161685,19.573922793528748,19.550492610837438,20.283092238295215,21.37759851070431,22.07242514500705,22.178398058252426,22.884819131224457,23.87653200181572,24.153567110036274,24.467924528301886,24.37735849056604,25.113327289211234,26.03762317109584,27.681764004767572,28.24052768829574,28.266543835406114,28.28593389700231,29.789522200030728,30.51628764597418,31.817483484406196,32.32990324066963
76,Fragile and conflict affected situations,FCS,,,,,8.7701355152135,10.31578947368421,,11.033393501805056,11.900684931506854,13.103802672148001,13.329884462838423,13.278716504522956,13.020156046814046,13.299636708260936,14.643219479201894,15.228267667292055,16.610224157393965,15.599865951742622,17.51582278481012,17.406944010009383,17.887513053856487,17.625174391567207,17.299444003177133,18.381253116170853
77,Finland,FIN,33.5,33.5,37.0,36.5,36.5,36.5,37.5,37.5,37.5,38.0,41.5,41.5,40.0,40.0,42.5,42.5,42.5,42.5,41.5,41.5,42.0,42.0,47.0,46.0
78,Fiji,FJI,4.28571428571429,4.28571428571429,11.2676056338028,,5.71428571428571,5.71428571428571,5.71428571428571,8.45070422535211,8.45070422535211,,,,,,,,,14.0,16.0,16.0,16.0,19.6078431372549,19.6078431372549,19.6078431372549
79,France,FRA,10.9185441941075,10.9185441941075,10.9185441941075,10.9185441941075,10.9185441941075,12.1317157712305,12.1951219512195,12.1951219512195,12.1951219512195,12.1951219512195,18.1975736568458,18.1975736568458,18.8908145580589,18.8908145580589,18.8908145580589,26.8630849220104,26.8630849220104,26.1698440207972,26.1698440207972,26.1698440207972,38.9948006932409,39.5833333333333,39.6880415944541,39.5147313691508
80,Faroe Islands,FRO,,,,,,,,,,,,,,,,,,,,,,,,
81,"Micronesia, Fed. Sts.",FSM,0.0,0.0,0.0,0.0,0.0,0.0,0.0,0.0,0.0,0.0,0.0,0.0,0.0,0.0,0.0,0.0,0.0,0.0,0.0,0.0,0.0,0.0,0.0,0.0
82,Gabon,GAB,8.33333333333333,8.33333333333333,8.33333333333333,9.16666666666667,9.16666666666667,9.2436974789916,9.2436974789916,9.2436974789916,9.2436974789916,12.5,16.6666666666667,16.6666666666667,14.6551724137931,14.6551724137931,14.1666666666667,15.7894736842105,15.7894736842105,15.0,14.1666666666667,14.1666666666667,17.0940170940171,,17.910447761194,14.7887323943662
83,United Kingdom,GBR,18.2094081942337,18.2094081942337,18.361153262519,18.361153262519,17.9059180576631,17.9059180576631,17.9059180576631,18.0576631259484,19.6594427244582,19.6594427244582,19.5046439628483,19.5046439628483,19.5046439628483,22.0,22.3076923076923,22.4615384615385,22.4615384615385,22.6153846153846,29.3846153846154,29.5839753466872,32.0,32.1538461538462,32.0,33.8461538461538
84,Georgia,GEO,6.92640692640693,6.92640692640693,,7.23404255319149,7.23404255319149,7.23404255319149,7.23404255319149,9.36170212765957,9.36170212765957,9.36170212765957,9.36170212765957,6.0,5.10948905109489,6.52173913043478,6.56934306569343,12.0,12.0,12.0,11.3333333333333,16.0,16.0,16.0,14.7651006711409,14.0939597315436
85,Ghana,GHA,9.0,9.0,9.0,,9.0,9.0,9.0,10.8695652173913,10.8695652173913,10.8695652173913,10.8695652173913,7.89473684210526,8.26086956521739,8.26086956521739,8.26086956521739,,10.9090909090909,10.9090909090909,10.9090909090909,10.9090909090909,12.7272727272727,12.7272727272727,13.0909090909091,13.0909090909091
86,Gibraltar,GIB,,,,,,,,,,,,,,,,,,,,,,,,
87,Guinea,GIN,7.01754385964912,8.7719298245614,8.7719298245614,8.7719298245614,8.7719298245614,,19.2982456140351,19.2982456140351,19.2982456140351,19.2982456140351,19.2982456140351,,,,,,,21.9298245614035,21.9298245614035,21.9298245614035,21.9298245614035,21.9298245614035,22.8070175438596,16.6666666666667
88,"Gambia, The",GMB,2.04081632653061,2.04081632653061,2.04081632653061,2.04081632653061,2.04081632653061,5.66037735849057,13.2075471698113,13.2075471698113,13.2075471698113,13.2075471698113,9.43396226415094,9.43396226415094,7.54716981132075,7.54716981132075,7.54716981132075,7.54716981132075,7.54716981132075,9.43396226415094,9.43396226415094,9.43396226415094,10.3448275862069,10.3448275862069,10.3448275862069,8.62068965517241
89,Guinea-Bissau,GNB,10.0,10.0,,7.84313725490196,7.84313725490196,7.84313725490196,,14.0,14.0,14.0,14.0,10.0,10.0,10.0,10.0,14.0,14.0,13.7254901960784,13.7254901960784,13.7254901960784,13.7254901960784,13.7254901960784,13.7254901960784,13.7254901960784
90,Equatorial Guinea,GNQ,8.75,8.75,5.0,5.0,5.0,5.0,5.0,18.0,18.0,18.0,18.0,6.0,10.0,10.0,10.0,10.0,12.1212121212121,24.0,24.0,24.0,,20.0,21.0,21.0
91,Greece,GRC,6.33333333333333,6.33333333333333,6.33333333333333,8.66666666666667,8.66666666666667,8.66666666666667,8.66666666666667,14.0,13.0,13.0,14.6666666666667,14.6666666666667,17.3333333333333,17.3333333333333,18.6666666666667,21.0,21.0,21.0,19.6666666666667,19.6666666666667,18.3333333333333,18.6666666666667,20.6666666666667,21.6666666666667
92,Grenada,GRD,20.0,20.0,,26.6666666666667,26.6666666666667,26.6666666666667,26.6666666666667,26.6666666666667,26.6666666666667,26.6666666666667,26.6666666666667,13.3333333333333,13.3333333333333,13.3333333333333,13.3333333333333,13.3333333333333,33.3333333333333,33.3333333333333,33.3333333333333,33.3333333333333,33.3333333333333,46.6666666666667,46.6666666666667,46.6666666666667
93,Greenland,GRL,,,,,,,,,,,,,,,,,,,,,,,,
94,Guatemala,GTM,12.5,12.5,7.07964601769912,8.84955752212389,8.84955752212389,8.84955752212389,8.22784810126582,8.22784810126582,8.22784810126582,8.22784810126582,12.025316455696201,12.025316455696201,12.025316455696201,12.025316455696201,13.2911392405063,13.2911392405063,13.2911392405063,13.2911392405063,13.9240506329114,13.9240506329114,12.6582278481013,12.6582278481013,19.375,19.375
95,Guam,GUM,,,,,,,,,,,,,,,,,,,,,,,,
96,Guyana,GUY,,,18.4615384615385,18.4615384615385,18.4615384615385,20.0,20.0,30.7692307692308,30.7692307692308,28.9855072463768,28.9855072463768,30.0,30.0,30.0,31.3432835820896,31.3432835820896,31.3432835820896,31.3432835820896,30.4347826086957,30.4347826086957,31.8840579710145,31.8840579710145,31.8840579710145,35.7142857142857
97,High income,HIC,15.809968847352033,15.897386065494132,16.874314761287753,,17.77286876192388,18.416316736652664,18.91759639851242,19.45200155460552,20.053196542224754,20.55365946150929,21.355003307190785,21.568812535397395,22.085889570552148,22.181337862062453,22.75777336735658,23.273034023807288,24.68650570840352,25.219465648854957,25.80184638812221,25.848142164781905,27.145325398349012,27.79301863589065,28.97125567322239,29.644343548997345
98,"Hong Kong SAR, China",HKG,,,,,,,,,,,,,,,,,,,,,,,,
99,Honduras,HND,,9.375,9.375,9.375,9.375,5.46875,5.46875,5.46875,23.4375,23.4375,23.4375,23.4375,17.96875,17.96875,19.53125,19.53125,,25.78125,25.78125,25.78125,,21.09375,21.09375,21.09375
100,Heavily indebted poor countries (HIPC),HPC,8.939566704675034,9.340300457217507,9.11934552454283,,11.915747241725171,13.515298261060972,13.521344407958278,14.057453680095191,16.895965373318916,17.112055876100825,17.634474327628364,17.592160522631826,17.714025500910747,18.31363278171789,20.353707725721378,21.49832163564236,22.105263157894736,22.150197628458503,23.849557522123895,24.028946979766644,24.30931358587297,24.05026722519139,24.122612172367845,25.463248919085864
101,Croatia,HRV,7.8740157480315,7.8740157480315,7.8740157480315,20.5298013245033,20.5298013245033,20.5298013245033,,21.7105263157895,21.7105263157895,21.7105263157895,20.9150326797386,20.9150326797386,23.5294117647059,23.5294117647059,23.841059602649,23.841059602649,23.841059602649,23.841059602649,15.2317880794702,12.5827814569536,18.5430463576159,18.5430463576159,20.5298013245033,31.1258278145695
102,Haiti,HTI,3.6144578313253,3.6144578313253,3.6144578313253,,3.6144578313253,3.6144578313253,3.6144578313253,3.6144578313253,3.6144578313253,2.04081632653061,4.08163265306122,4.08163265306122,4.08163265306122,11.1111111111111,4.21052631578947,4.21052631578947,4.21052631578947,4.21052631578947,4.21052631578947,0.0,2.54237288135593,2.54237288135593,2.54237288135593,
103,Hungary,HUN,11.3989637305699,8.29015544041451,8.29015544041451,8.29015544041451,8.29015544041451,9.06735751295337,9.84455958549223,9.09090909090909,9.09090909090909,10.3626943005181,11.139896373057,11.139896373057,11.139896373057,9.06735751295337,8.80829015544041,8.80829015544041,8.80829015544041,10.0502512562814,10.1010101010101,10.1010101010101,10.0502512562814,12.5628140703518,12.5628140703518,12.0603015075377
104,IBRD only,IBD,9.285892426635629,12.675760755508932,12.587567288548053,12.702853945159486,13.111507229154288,14.454583160514314,13.965022187418437,14.875508130081315,14.468708063925828,15.157766990291263,15.921320100442426,16.354774655514774,17.30060620468323,17.643244517802405,17.959527824620565,19.27703738648425,20.393939393939398,21.00908299116586,21.276729559748436,21.754197287446985,22.29051299214994,22.981478151411622,23.542837078651687,23.838773838773836
105,IDA & IBRD total,IBT,8.707013692902686,10.942867474236131,11.02540166068885,11.433773752276018,11.990240501917045,13.270311245875323,13.045277708798945,13.832784413316936,14.505170982109155,15.00206588288322,15.913962320911514,16.49944258639911,17.24427564547347,17.41585233441911,18.18508923431203,19.28621908127208,19.991180361605178,20.416210295728376,21.11634650235593,21.45407448893868,21.862177801157287,22.192833968119622,22.535555788517314,23.107316728991744
106,IDA total,IDA,7.7269528501055635,7.778771235151363,,,,11.118090452261308,11.450554424077843,12.096859469176271,14.564356435643568,14.749088041013508,15.901489814533292,16.733067729083665,17.15449464810079,17.05419088693044,18.519842688594927,19.299947099277027,19.370799103808817,19.57405443619654,20.89820359281437,21.029498774406218,21.27958947194174,21.06570718752678,21.042588255703016,21.99608958407395
107,IDA blend,IDB,,,,,,10.639470782800444,10.674429888403687,11.554404145077722,12.176165803108812,12.412304371289807,13.143483023001101,13.578947368421048,13.901808785529717,13.784202374806403,14.123124676668386,14.366632337796085,18.907363420427572,18.89507892293408,18.55432780847145,18.646408839779,19.034482758620694,19.102153000458088,18.918918918918926,20.438957475994524
108,Indonesia,IDN,11.4,11.4,,8.0,8.0,8.0,8.0,11.2727272727273,11.2727272727273,11.2727272727273,11.6363636363636,11.6363636363636,17.8571428571429,18.0357142857143,18.2142857142857,18.5714285714286,18.5714285714286,16.9369369369369,17.1171171171171,17.1171171171171,19.8214285714286,19.8214285714286,17.3913043478261,20.3478260869565
109,IDA only,IDX,8.11091854419411,8.08411214953271,7.962328767123288,9.632378932484974,,11.259355678490072,11.686586985391765,12.235950577919494,15.128518971848234,15.271411338962608,16.52779505036687,17.447264926707188,17.884481558803067,17.779814411731014,19.438141545110753,20.319148936170215,19.4841408156152,19.733682602051964,21.4330741752469,21.565379438865307,21.77248410215,21.517386722866178,21.538626150224694,22.37175951461666
110,Isle of Man,IMN,,,,,,,,,,,,,,,,,,,,,,,,
111,India,IND,7.15596330275229,8.10313075506446,8.44036697247707,9.00735294117647,8.83977900552486,8.83977900552486,8.83977900552486,8.25688073394496,8.28729281767956,8.25688073394496,9.05730129390018,9.05730129390018,10.8256880733945,10.8256880733945,11.0091743119266,11.0091743119266,11.0091743119266,11.4180478821363,11.9705340699816,11.9705340699816,11.8081180811808,11.8081180811808,14.3911439114391,14.3646408839779
112,Not classified,INX,,,,,,,,,,,,,,,,,,,,,,,,
113,Ireland,IRL,12.0481927710843,12.0481927710843,12.0481927710843,12.0481927710843,12.0481927710843,13.2530120481928,13.2530120481928,13.2530120481928,13.2530120481928,13.2530120481928,13.2530120481928,13.2530120481928,13.9393939393939,13.9393939393939,15.0602409638554,15.0602409638554,15.6626506024096,15.6626506024096,16.2650602409639,22.1518987341772,22.1518987341772,22.1518987341772,22.1518987341772,22.5
114,"Iran, Islamic Rep.",IRN,4.88721804511278,4.88721804511278,4.88721804511278,3.44827586206897,3.44827586206897,4.13793103448276,4.13793103448276,4.13793103448276,4.13793103448276,4.13793103448276,4.13793103448276,2.7972027972028,2.75862068965517,2.75862068965517,2.75862068965517,3.10344827586207,3.10344827586207,3.10344827586207,3.10344827586207,5.88235294117647,5.88235294117647,5.88235294117647,5.88235294117647,5.59440559440559
115,Iraq,IRQ,6.4,6.4,6.4,7.6,7.6,7.6,,,,25.4545454545455,25.4545454545455,25.4545454545455,25.4545454545455,25.2307692307692,25.2307692307692,25.2307692307692,25.2307692307692,25.3048780487805,26.5243902439024,26.5243902439024,25.3048780487805,25.2279635258359,25.2279635258359,26.4437689969605
116,Iceland,ISL,25.3968253968254,25.3968253968254,34.9206349206349,34.9206349206349,34.9206349206349,34.9206349206349,30.1587301587302,30.1587301587302,33.3333333333333,33.3333333333333,33.3333333333333,33.3333333333333,42.8571428571429,42.8571428571429,39.6825396825397,39.6825396825397,39.6825396825397,39.6825396825397,41.2698412698413,47.6190476190476,38.0952380952381,38.0952380952381,38.0952380952381,38.0952380952381
117,Israel,ISR,7.5,7.5,11.6666666666667,12.5,13.3333333333333,14.1666666666667,15.0,15.0,15.0,14.1666666666667,14.1666666666667,14.1666666666667,18.3333333333333,19.1666666666667,20.0,20.0,22.5,22.5,26.6666666666667,26.6666666666667,27.5,27.5,23.3333333333333,27.5
118,Italy,ITA,11.1111111111111,11.1111111111111,11.1111111111111,11.1111111111111,9.84126984126984,9.84126984126984,11.4886731391586,11.525974025974,11.525974025974,17.3015873015873,17.3015873015873,21.2698412698413,21.2698412698413,21.2698412698413,21.5873015873016,21.4285714285714,31.4285714285714,31.4285714285714,30.952380952381,30.952380952381,30.952380952381,35.7142857142857,35.7142857142857,35.7142857142857
119,Jamaica,JAM,11.6666666666667,13.5593220338983,13.3333333333333,13.3333333333333,13.3333333333333,,11.6666666666667,11.6666666666667,11.6666666666667,11.6666666666667,13.3333333333333,13.3333333333333,13.3333333333333,13.3333333333333,12.6984126984127,12.6984126984127,12.6984126984127,12.6984126984127,12.6984126984127,17.4603174603175,17.4603174603175,17.4603174603175,17.4603174603175,28.5714285714286
120,Jordan,JOR,0.0,0.0,0.0,0.0,1.25,1.25,5.45454545454545,5.45454545454545,5.45454545454545,5.45454545454545,6.36363636363636,6.36363636363636,6.36363636363636,10.8333333333333,10.8333333333333,10.8333333333333,12.1621621621622,12.0,12.0,15.3846153846154,15.3846153846154,15.3846153846154,15.3846153846154,15.3846153846154
121,Japan,JPN,4.6,4.6,4.6,7.29166666666667,7.29166666666667,7.29166666666667,7.08333333333333,7.08333333333333,8.95833333333333,9.375,9.375,9.375,11.25,11.25,10.8333333333333,7.91666666666667,8.125,8.125,9.47368421052632,9.47368421052632,10.1075268817204,10.1075268817204,10.1075268817204,9.89247311827957
122,Kazakhstan,KAZ,13.4328358208955,13.4328358208955,10.8108108108108,10.3896103896104,10.3896103896104,10.3896103896104,10.3896103896104,10.3896103896104,10.3896103896104,10.3896103896104,15.8878504672897,15.8878504672897,17.7570093457944,17.7570093457944,17.7570093457944,24.2990654205607,24.2990654205607,25.2173913043478,26.1682242990654,27.1028037383178,27.1028037383178,27.1028037383178,27.1028037383178,27.1028037383178
123,Kenya,KEN,2.97029702970297,3.6036036036036,3.57142857142857,3.57142857142857,3.57142857142857,3.57142857142857,7.14285714285714,7.14285714285714,7.14285714285714,7.30593607305936,7.2463768115942,9.82142857142857,9.82142857142857,9.82142857142857,9.82142857142857,9.82142857142857,18.5714285714286,19.1428571428571,19.7142857142857,19.7142857142857,21.7765042979943,21.7765042979943,21.7765042979943,21.7765042979943
124,Kyrgyz Republic,KGZ,1.42857142857143,1.42857142857143,1.42857142857143,2.32558139534884,10.0,10.0,10.0,10.0,0.0,0.0,25.5555555555556,25.5555555555556,25.5555555555556,23.3333333333333,23.3333333333333,23.3333333333333,23.3333333333333,23.3333333333333,19.1666666666667,19.1666666666667,19.1666666666667,19.1666666666667,19.1666666666667,19.1666666666667
125,Cambodia,KHM,5.83333333333333,5.83333333333333,8.19672131147541,7.37704918032787,7.37704918032787,7.37704918032787,9.75609756097561,9.75609756097561,9.75609756097561,9.75609756097561,19.5121951219512,16.260162601626,21.1382113821138,21.1382113821138,20.3252032520325,20.3252032520325,20.3252032520325,20.3252032520325,20.3252032520325,20.3252032520325,20.3252032520325,20.0,20.0,20.0
126,Kiribati,KIR,0.0,0.0,4.8780487804878,4.8780487804878,4.76190476190476,4.76190476190476,,4.76190476190476,4.76190476190476,7.14285714285714,4.34782608695652,4.34782608695652,4.34782608695652,4.34782608695652,8.69565217391304,8.69565217391304,8.69565217391304,8.69565217391304,8.69565217391304,6.52173913043478,6.52173913043478,6.52173913043478,6.52173913043478,8.88888888888889
127,St. Kitts and Nevis,KNA,13.3333333333333,13.3333333333333,13.3333333333333,13.3333333333333,13.3333333333333,13.3333333333333,13.3333333333333,0.0,0.0,0.0,6.66666666666667,6.66666666666667,6.66666666666667,6.66666666666667,6.66666666666667,6.66666666666667,6.66666666666667,6.66666666666667,13.3333333333333,13.3333333333333,13.3333333333333,13.3333333333333,13.3333333333333,25.0
128,"Korea, Rep.",KOR,3.01003344481605,3.67892976588629,3.67892976588629,5.86080586080586,5.86080586080586,5.86080586080586,5.86080586080586,13.0434782608696,13.3779264214047,13.3779264214047,14.38127090301,13.7123745819398,14.7157190635452,14.7157190635452,14.7157190635452,15.6666666666667,15.6666666666667,16.3333333333333,16.3333333333333,17.0,17.0,17.0,16.6666666666667,19.0
129,Kuwait,KWT,0.0,0.0,0.0,0.0,0.0,0.0,0.0,0.0,1.53846153846154,1.53846153846154,1.53846153846154,3.07692307692308,7.69230769230769,7.69230769230769,7.69230769230769,6.15384615384615,6.15384615384615,1.53846153846154,1.53846153846154,2.0,3.07692307692308,3.07692307692308,4.61538461538462,6.34920634920635
130,Latin America & Caribbean (excluding high income),LAC,13.6657433056325,16.07142857142857,14.5827232796486,15.639662183296839,14.789812826020245,16.565831172572736,19.104477611940286,19.60890820206408,20.895522388059693,21.034297963558405,21.84400964888769,23.04812834224599,23.76395534290271,24.07809110629068,24.17289220917823,25.77374599786553,27.111232577206884,28.703459202534994,29.19852732936846,30.11064278187566,30.644288034650785,32.513089005235614,33.01911495155801,34.41383036196652
131,Lao PDR,LAO,,21.2121212121212,21.2121212121212,21.2121212121212,21.2121212121212,22.9357798165138,22.9357798165138,22.9357798165138,22.9357798165138,25.2173913043478,25.2173913043478,25.2173913043478,25.2173913043478,25.2173913043478,25.0,25.0,25.0,25.0,25.0,27.5167785234899,27.5167785234899,27.5167785234899,27.5167785234899,27.5167785234899
132,Lebanon,LBN,2.34375,2.34375,2.34375,2.34375,2.34375,2.34375,2.34375,2.34375,4.6875,4.6875,4.6875,4.6875,3.125,3.125,3.125,3.125,3.125,3.125,3.125,3.125,3.125,4.6875,4.6875,4.6875
133,Liberia,LBR,,,,7.8125,7.8125,7.8125,7.8125,5.26315789473684,12.5,12.5,12.5,12.5,12.5,12.5,9.58904109589041,10.958904109589,10.958904109589,10.958904109589,10.958904109589,10.958904109589,9.85915492957746,12.3287671232877,12.3287671232877,12.3287671232877
134,Libya,LBY,,,,,,,,,4.73684210526316,7.69230769230769,7.69230769230769,7.69230769230769,7.69230769230769,7.69230769230769,,16.5,16.5,15.9574468085106,15.9574468085106,15.9574468085106,15.9574468085106,15.9574468085106,15.9574468085106,15.9574468085106
135,St. Lucia,LCA,11.7647058823529,11.7647058823529,11.1111111111111,11.1111111111111,,11.1111111111111,11.1111111111111,11.1111111111111,11.1111111111111,0.0,11.1111111111111,11.1111111111111,11.1111111111111,11.1111111111111,16.6666666666667,16.6666666666667,16.6666666666667,16.6666666666667,16.6666666666667,16.6666666666667,16.6666666666667,16.6666666666667,16.6666666666667,16.6666666666667
136,Latin America & Caribbean,LCN,13.132137030995104,15.354874344103838,14.335198507860374,15.157425466703813,14.374830485489552,16.118165327805123,18.469015795868767,19.009468317552795,20.208636584182432,20.34060925881506,21.10685194058457,22.16112837676309,22.701286326822295,23.006060606060615,23.03464755077658,24.485891917742705,25.751282677742484,27.46077032810271,27.901109989909198,28.80113502009932,29.740518962075853,31.19608300303103,31.669776119403,32.933844678811134
137,Least developed countries: UN classification,LDC,8.442622950819676,8.589411329137361,8.231644260599795,9.9150701165317,,11.976277023149033,12.388469457789979,12.753933099129377,15.691192865105917,15.917192212777627,17.01067615658363,18.768646596148635,19.40337909186906,19.258388823606214,20.82360172095882,21.397533763945976,20.91089108910891,21.138211382113827,23.04743651173934,23.079641847313855,22.97968397291197,22.792879480394525,22.88197845249756,23.836693292760245
138,Low income,LIC,10.35846724351051,9.953810623556585,,12.205775297257949,12.323100370128458,13.463833850560992,12.824506749740392,14.318795831725208,16.46351931330473,16.752224503764555,16.963513747190046,16.969483153995423,16.555040357204195,17.753684567169238,19.13102054563826,19.468322190385226,19.96358218837941,19.191742477256824,21.311740890688256,21.506248985554294,21.670776818742297,21.50279776179058,21.578258022265896,22.654109589041106
139,Liechtenstein,LIE,4.0,4.0,4.0,4.0,12.0,12.0,12.0,12.0,24.0,24.0,24.0,24.0,24.0,24.0,24.0,24.0,20.0,20.0,20.0,20.0,12.0,12.0,12.0,12.0
140,Sri Lanka,LKA,5.33333333333333,5.33333333333333,4.88888888888889,,,4.44444444444444,4.44444444444444,4.88888888888889,4.88888888888889,4.88888888888889,5.77777777777778,5.77777777777778,5.77777777777778,5.33333333333333,5.77777777777778,5.77777777777778,5.77777777777778,5.77777777777778,4.88888888888889,5.77777777777778,5.77777777777778,5.77777777777778,5.33333333333333,5.38116591928251
141,Lower middle income,LMC,7.48959778085992,8.307605950042104,8.744577006507594,8.292131657013702,9.287496534516217,10.906701708278588,10.757345194896411,11.137108095460931,12.400561534861964,12.66512166859792,13.939105613701239,15.585142089953013,16.450549450549453,16.134289439374186,16.642784032753326,18.473978851337343,19.216268707871592,20.71264846843093,21.040462427745666,21.068538559032863,20.80102090900168,20.613202836312798,20.937655860349135,21.433562942996915
142,Low & middle income,LMY,9.466428120395706,11.747851002865335,11.862904417196049,12.077406244226863,12.481348196260862,13.751123090745732,13.552754832666272,14.436282337911218,15.044415761901144,15.541536020550788,16.4737479195037,17.204903939597816,17.83432474113241,17.990611695353152,18.7054266372226,19.797497236978142,20.62550952345661,21.0197174808711,21.71610169491526,22.068211476739684,22.290467499649026,22.711298853430836,23.024163764904504,23.537767676408965
143,Lesotho,LSO,4.61538461538462,3.75,3.79746835443038,3.79746835443038,3.79746835443038,,11.6666666666667,11.6666666666667,11.6666666666667,11.6666666666667,23.5294117647059,25.0,24.1666666666667,24.1666666666667,24.1666666666667,26.6666666666667,26.6666666666667,26.6666666666667,25.0,25.0,22.1311475409836,22.1311475409836,23.3333333333333,23.3333333333333
144,Late-demographic dividend,LTE,,14.173062769424892,14.749068595222457,14.758214168758869,15.112376690735276,15.68998109640832,15.079784423544343,15.786379225869686,16.016387046429966,16.040856031128406,16.745506149479656,17.078737162419166,17.21615201900237,17.250852595680175,17.66031358557881,18.285075877478807,18.915147004093793,19.10251524390245,19.365322118141865,19.889186090943845,20.70172028379822,21.47005617442636,21.970049297739745,22.10016756656116
145,Lithuania,LTU,17.5182481751825,17.5182481751825,17.5182481751825,10.6382978723404,10.6382978723404,10.6382978723404,10.6382978723404,21.9858156028369,21.9858156028369,24.822695035461,22.6950354609929,17.7304964539007,19.1489361702128,19.1489361702128,19.1489361702128,24.4604316546763,24.113475177305,24.113475177305,23.4042553191489,21.2765957446809,21.2765957446809,21.2765957446809,21.2765957446809,24.113475177305
146,Luxembourg,LUX,20.0,20.0,16.6666666666667,16.6666666666667,16.6666666666667,16.6666666666667,16.6666666666667,23.3333333333333,23.3333333333333,23.3333333333333,23.3333333333333,23.3333333333333,20.0,20.0,25.0,21.6666666666667,28.3333333333333,28.3333333333333,28.3333333333333,28.3333333333333,28.3333333333333,20.0,25.0,30.0
147,Latvia,LVA,9.0,9.0,17.0,17.0,17.0,18.0,21.0,21.0,21.0,19.0,20.0,20.0,22.0,20.0,23.0,23.0,23.0,18.0,18.0,18.0,16.0,31.0,30.0,30.0
148,"Macao SAR, China",MAC,,,,,,,,,,,,,,,,,,,,,,,,
149,St. Martin (French part),MAF,,,,,,,,,,,,,,,,,,,,,,,,
150,Morocco,MAR,0.615384615384615,0.615384615384615,0.615384615384615,0.615384615384615,0.615384615384615,10.7692307692308,10.7692307692308,10.7692307692308,10.7692307692308,10.7692307692308,10.4615384615385,10.4615384615385,10.4615384615385,10.4615384615385,16.9620253164557,16.9620253164557,16.9620253164557,16.9620253164557,16.9620253164557,20.5063291139241,20.5063291139241,20.5063291139241,20.5063291139241,20.5063291139241
151,Monaco,MCO,5.55555555555556,22.2222222222222,22.2222222222222,22.2222222222222,22.2222222222222,22.2222222222222,20.8333333333333,20.8333333333333,20.8333333333333,20.8333333333333,20.8333333333333,25.0,26.0869565217391,26.0869565217391,19.047619047619,19.047619047619,20.8333333333333,20.8333333333333,20.8333333333333,20.8333333333333,20.8333333333333,33.3333333333333,33.3333333333333,33.3333333333333
152,Moldova,MDA,4.80769230769231,,8.91089108910891,7.92079207920792,12.8712871287129,12.8712871287129,12.8712871287129,15.8415841584158,21.7821782178218,21.7821782178218,21.7821782178218,21.7821782178218,23.7623762376238,18.8118811881188,19.8019801980198,19.8019801980198,19.8019801980198,17.8217821782178,21.7821782178218,21.7821782178218,22.7722772277228,22.7722772277228,25.7425742574257,24.7524752475248
153,Madagascar,MDG,3.73134328358209,,8.0,8.0,8.0,,3.75,6.875,6.875,6.875,7.8740157480315,7.8740157480315,,12.5,12.5,17.4863387978142,17.4863387978142,20.5298013245033,20.5298013245033,20.5298013245033,19.205298013245,19.205298013245,15.8940397350993,17.8807947019868
154,Maldives,MDV,6.25,6.25,,6.0,6.0,6.0,6.0,6.0,12.0,12.0,12.0,12.0,6.49350649350649,6.49350649350649,6.49350649350649,6.49350649350649,6.49350649350649,5.88235294117647,5.88235294117647,5.88235294117647,5.88235294117647,5.88235294117647,4.59770114942529,4.59770114942529
155,Middle East & North Africa,MEA,4.0,3.604216252975179,4.173678895994614,4.207011686143571,4.343468092215165,5.896069287141908,5.8763586956521765,6.591957811470015,6.171548117154817,8.057742782152241,8.352910467240937,8.300704776820682,8.780991735537192,10.426065162907266,10.052910052910045,13.146997929606618,15.936018957345972,16.087859899079845,16.3846838824577,17.085040983606564,16.30213631739574,16.67937960844141,16.363636363636378,16.61188369152972
156,Mexico,MEX,14.2,17.4,18.2,16.0,16.0,16.0,22.6,22.6,24.2,22.6,23.2,23.2,27.6,26.2,26.2,36.8,36.8,37.4,42.3694779116466,42.4,42.6,48.2,48.2,48.2
157,Marshall Islands,MHL,,,,3.03030303030303,3.03030303030303,3.03030303030303,3.03030303030303,3.03030303030303,3.03030303030303,3.03030303030303,3.03030303030303,3.03030303030303,3.03030303030303,3.03030303030303,3.03030303030303,3.03030303030303,3.03030303030303,3.03030303030303,9.09090909090909,9.09090909090909,9.09090909090909,9.09090909090909,6.06060606060606,6.06060606060606
158,Middle income,MIC,9.225215589277358,12.187800872175352,12.367213906325457,12.047230620044495,12.521299400868466,13.817718997288477,13.695630029540595,14.466928420416798,14.641516790953844,15.198526203519656,16.33660969350699,17.26820014228124,18.18224277240671,18.055426823616646,18.58888632695411,19.892497817797583,20.816423967534025,21.50642817216323,21.83387576057734,22.224224945926466,22.47318669332848,23.056214637707615,23.41979124669623,23.76898606568395
159,North Macedonia,MKD,3.33333333333333,3.33333333333333,7.5,6.66666666666667,6.66666666666667,17.5,18.3333333333333,19.1666666666667,19.1666666666667,28.3333333333333,29.1666666666667,31.6666666666667,32.5,32.5,30.8943089430894,32.520325203252,34.1463414634146,33.3333333333333,33.3333333333333,33.3333333333333,37.5,38.3333333333333,39.1666666666667,38.3333333333333
160,Mali,MLI,12.2448979591837,12.2448979591837,12.2448979591837,12.2448979591837,12.2448979591837,10.2040816326531,10.2040816326531,10.2040816326531,10.2040816326531,10.2040816326531,10.2040816326531,10.2040816326531,10.2040816326531,10.2040816326531,10.2040816326531,10.2040816326531,,9.52380952380952,8.84353741496599,8.84353741496599,8.84353741496599,8.84353741496599,9.52380952380952,27.891156462585
161,Malta,MLT,5.79710144927536,5.79710144927536,9.23076923076923,9.23076923076923,9.23076923076923,9.23076923076923,7.69230769230769,9.23076923076923,9.23076923076923,9.23076923076923,9.23076923076923,8.69565217391304,8.69565217391304,8.69565217391304,8.69565217391304,8.69565217391304,14.2857142857143,14.2857142857143,12.8571428571429,12.8571428571429,11.9402985074627,11.9402985074627,14.9253731343284,13.4328358208955
162,Myanmar,MMR,,,,,,,,,,,,,,4.29447852760736,3.54430379746835,6.03248259860789,6.03248259860789,5.59440559440559,12.6934984520124,9.93071593533487,10.161662817552,10.161662817552,11.3163972286374,11.1111111111111
163,Middle East & North Africa (excluding high income),MNA,3.9198606271777012,3.4936138241923373,3.8791495710555743,3.8817005545286487,3.995560488346279,5.678466076696166,6.014434643143547,6.957217113154749,6.40907697025453,8.632425742574268,8.84900990099011,8.767038413878574,9.085347200978896,10.98317094774136,10.508701472556886,14.167433302667884,16.420064958498735,16.75108538350217,16.901918204849792,17.56715967401147,16.581402347276573,16.937424789410368,16.26865671641793,16.402748730206167
164,Montenegro,MNE,,,,,,,,,,8.64197530864197,11.1111111111111,11.1111111111111,11.1111111111111,11.1111111111111,12.3456790123457,17.2839506172839,16.0493827160494,17.2839506172839,17.2839506172839,23.4567901234568,23.4567901234568,23.4567901234568,28.3950617283951,22.2222222222222
165,Mongolia,MNG,7.89473684210526,7.89473684210526,7.89473684210526,10.5263157894737,10.5263157894737,10.5263157894737,10.5263157894737,6.75675675675676,6.66666666666667,6.57894736842105,6.57894736842105,4.16666666666667,3.94736842105263,3.94736842105263,3.94736842105263,14.8648648648649,14.8648648648649,14.8648648648649,14.4736842105263,17.1052631578947,17.1052631578947,17.1052631578947,17.3333333333333,17.3333333333333
166,Northern Mariana Islands,MNP,,,,,,,,,,,,,,,,,,,,,,,,
167,Mozambique,MOZ,25.2,25.2,,30.0,30.0,30.0,30.0,34.8,34.8,34.8,34.8,34.8,39.2,39.2,39.2,39.2,39.2,,39.6,39.6,39.6,39.6,41.2,42.4
168,Mauritania,MRT,1.26582278481013,3.79746835443038,3.79746835443038,3.79746835443038,,,3.7037037037037,3.7037037037037,,17.8947368421053,22.1052631578947,22.1052631578947,22.1052631578947,22.1052631578947,22.1052631578947,22.1052631578947,,25.1700680272109,25.1700680272109,25.1700680272109,25.1700680272109,20.2614379084967,20.2614379084967,20.2614379084967
169,Mauritius,MUS,7.57575757575758,7.57575757575758,7.57575757575758,5.71428571428571,5.71428571428571,5.71428571428571,5.71428571428571,5.71428571428571,17.1428571428571,17.1428571428571,17.1428571428571,17.1428571428571,17.1428571428571,18.8405797101449,18.8405797101449,18.8405797101449,18.8405797101449,18.8405797101449,11.5942028985507,11.5942028985507,11.5942028985507,11.5942028985507,20.0,20.0
170,Malawi,MWI,5.64971751412429,5.64971751412429,8.29015544041451,9.32642487046632,9.32642487046632,9.32642487046632,9.32642487046632,13.9896373056995,13.6125654450262,13.6125654450262,12.9533678756477,12.9533678756477,20.8333333333333,20.8333333333333,22.279792746114,22.279792746114,22.279792746114,16.6666666666667,16.6666666666667,16.6666666666667,16.6666666666667,16.6666666666667,22.9166666666667,22.9166666666667
171,Malaysia,MYS,7.8125,7.8125,,10.3626943005181,10.3626943005181,10.3626943005181,10.4712041884817,9.1324200913242,9.1324200913242,9.1324200913242,10.0456621004566,10.8108108108108,9.90990990990991,9.90990990990991,10.4072398190045,10.4072398190045,10.3603603603604,10.3603603603604,10.3603603603604,10.3603603603604,10.3603603603604,13.9013452914798,14.4144144144144,14.8648648648649
172,North America,NAC,15.353260869565236,15.353260869565236,16.304347826086946,,16.711956521739125,16.576086956521774,16.847826086956537,17.496635262449537,17.631224764468342,18.169582772543766,18.648648648648663,19.11170928667567,18.977119784656807,18.977119784656807,20.107962213225402,20.75471698113206,20.6756756756757,21.698113207547166,22.27979274611399,22.178988326848273,22.366710013003882,25.0,25.87776332899871,25.87776332899871
173,Namibia,NAM,22.2222222222222,22.2222222222222,22.2222222222222,25.0,25.0,25.0,26.3888888888889,25.0,26.9230769230769,26.9230769230769,26.9230769230769,26.9230769230769,26.9230769230769,24.3589743589744,24.3589743589744,24.3589743589744,24.3589743589744,,41.3461538461538,41.3461538461538,41.3461538461538,46.1538461538462,42.7083333333333,43.2692307692308
174,New Caledonia,NCL,,,,,,,,,,,,,,,,,,,,,,,,
175,Niger,NER,1.20481927710843,1.20481927710843,,1.20481927710843,1.20481927710843,1.20481927710843,1.20481927710843,12.3893805309735,12.3893805309735,12.3893805309735,12.3893805309735,12.3893805309735,9.73451327433628,,13.2743362831858,13.2743362831858,13.2743362831858,13.2743362831858,13.2743362831858,14.6198830409357,16.9590643274854,16.9590643274854,16.9590643274854,16.9590643274854
176,Nigeria,NGA,,,,3.41880341880342,3.41880341880342,3.41880341880342,4.72222222222222,4.72222222222222,6.38888888888889,6.11111111111111,6.98324022346369,6.98324022346369,6.98324022346369,6.98324022346369,6.81818181818182,6.66666666666667,6.66666666666667,6.66666666666667,5.55555555555556,5.55555555555556,5.55555555555556,5.55555555555556,3.38028169014084,3.63128491620112
177,Nicaragua,NIC,10.752688172043,10.752688172043,9.67741935483871,9.67741935483871,,20.6521739130435,20.6521739130435,20.6521739130435,20.6521739130435,15.2173913043478,18.4782608695652,18.4782608695652,20.6521739130435,20.6521739130435,40.2173913043478,40.2173913043478,40.2173913043478,42.3913043478261,41.304347826087,45.6521739130435,45.6521739130435,45.6521739130435,44.5652173913043,47.2527472527472
178,Netherlands,NLD,31.3333333333333,36.0,36.0,36.0,36.0,34.0,36.6666666666667,36.6666666666667,36.6666666666667,36.6666666666667,39.3333333333333,41.3333333333333,42.0,40.6666666666667,40.6666666666667,38.6666666666667,38.6666666666667,38.6666666666667,37.3333333333333,37.3333333333333,36.0,36.0,31.3333333333333,33.3333333333333
179,Norway,NOR,36.3636363636364,36.3636363636364,36.3636363636364,36.3636363636364,35.7575757575758,36.3636363636364,36.3636363636364,38.1818181818182,37.8698224852071,37.8698224852071,36.094674556213,36.094674556213,39.6449704142012,39.6449704142012,39.6449704142012,39.6449704142012,39.6449704142012,39.6449704142012,39.6449704142012,39.6449704142012,41.4201183431953,41.4201183431953,40.8284023668639,41.4201183431953
180,Nepal,NPL,3.41463414634146,3.41463414634146,5.85365853658537,5.85365853658537,5.85365853658537,5.85365853658537,5.85365853658537,5.85365853658537,5.85365853658537,5.88235294117647,17.3252279635258,33.1649831649832,33.1649831649832,33.1649831649832,33.1649831649832,33.1649831649832,,29.4807370184255,29.5492487479132,29.5798319327731,29.5798319327731,32.7272727272727,32.7272727272727,32.7272727272727
181,Nauru,NRU,,0.0,0.0,,0.0,0.0,,0.0,0.0,0.0,0.0,0.0,0.0,0.0,0.0,0.0,5.26315789473684,5.26315789473684,5.26315789473684,5.26315789473684,10.5263157894737,10.5263157894737,10.5263157894737,10.5263157894737
182,New Zealand,NZL,29.1666666666667,29.1666666666667,29.1666666666667,30.8333333333333,30.8333333333333,29.1666666666667,28.3333333333333,28.3333333333333,32.2314049586777,32.2314049586777,33.0578512396694,33.6065573770492,33.6065573770492,33.6065573770492,32.2314049586777,32.2314049586777,32.2314049586777,29.7520661157025,31.404958677686,31.404958677686,38.3333333333333,38.3333333333333,40.8333333333333,40.8333333333333
183,OECD members,OED,16.00236197224683,16.323264652930593,17.278379462494986,18.04090419806244,17.719190680564072,19.144144144144143,19.418442541326428,20.00202654777586,20.61743101052213,21.0009910802775,22.155035685963533,22.307006243187008,23.009900990099016,23.079968329374513,23.88118811881188,24.95049504950494,26.095558413295077,26.753325272067702,27.811840385968445,27.934815410924454,28.835845049054313,29.785969084423307,30.718177315502725,31.106264869151467
184,Oman,OMN,,,,,,,,2.40963855421687,2.40963855421687,2.40963855421687,0.0,0.0,0.0,0.0,1.19047619047619,1.19047619047619,1.19047619047619,1.19047619047619,1.17647058823529,1.17647058823529,1.17647058823529,1.17647058823529,2.32558139534884,2.32558139534884
185,Other small states,OSS,8.917197452229301,8.433734939759034,9.744408945686896,10.65292096219931,10.927835051546392,12.606232294617561,13.31147540983607,13.746312684365789,14.655679811653915,13.711453744493392,14.835471277189068,15.280235988200586,15.241419429901105,15.599534342258446,16.1046511627907,17.094515752625437,17.08749266001174,17.4283973187081,18.61397479954181,19.010123734533185,18.562168532704767,19.95249406175772,20.518477661334803,20.614035087719298
186,Pakistan,PAK,2.30414746543779,2.30414746543779,,,,21.0526315789474,21.6374269005848,21.3450292397661,21.3450292397661,21.3450292397661,21.0526315789474,22.4852071005917,22.2222222222222,22.2222222222222,22.5146198830409,22.5146198830409,20.7430340557276,20.7430340557276,20.5882352941176,20.5882352941176,20.5882352941176,20.2346041055718,20.2346041055718,20.1754385964912
187,Panama,PAN,9.72222222222222,9.72222222222222,,9.85915492957746,9.85915492957746,9.85915492957746,9.85915492957746,16.6666666666667,16.6666666666667,16.6666666666667,16.6666666666667,16.6666666666667,8.45070422535211,8.45070422535211,8.45070422535211,8.45070422535211,8.45070422535211,19.2982456140351,18.3098591549296,18.3098591549296,18.3098591549296,18.3098591549296,21.1267605633803,22.5352112676056
188,Peru,PER,10.8333333333333,10.8333333333333,10.8333333333333,,18.3333333333333,18.3333333333333,18.3333333333333,18.3333333333333,18.3333333333333,29.1666666666667,29.1666666666667,29.1666666666667,27.5,27.5,21.5384615384615,21.5384615384615,21.5384615384615,22.3076923076923,22.3076923076923,27.6923076923077,27.6923076923077,27.6923076923077,30.0,26.1538461538462
189,Philippines,PHL,11.0599078341014,12.4423963133641,12.4423963133641,11.2612612612613,17.7570093457944,17.7570093457944,17.7570093457944,15.2542372881356,15.2542372881356,15.2542372881356,20.5020920502092,20.5020920502092,20.9737827715356,22.1428571428571,22.887323943662,22.887323943662,27.3356401384083,27.3356401384083,27.2413793103448,29.7945205479452,29.4520547945205,29.4520547945205,27.9605263157895,27.9605263157895
190,Palau,PLW,0.0,0.0,0.0,0.0,0.0,0.0,0.0,0.0,0.0,0.0,0.0,0.0,0.0,0.0,0.0,0.0,0.0,0.0,0.0,12.5,12.5,12.5,12.5,12.5
191,Papua New Guinea,PNG,1.8348623853211,1.8348623853211,1.8348623853211,1.8348623853211,1.8348623853211,,0.917431192660551,0.917431192660551,0.917431192660551,0.917431192660551,0.917431192660551,0.917431192660551,0.917431192660551,0.917431192660551,0.917431192660551,2.7027027027027,2.7027027027027,2.7027027027027,2.7027027027027,2.7027027027027,0.0,0.0,0.0,0.0
192,Poland,POL,13.0434782608696,13.0434782608696,13.0434782608696,13.0434782608696,20.2173913043478,20.2173913043478,20.2173913043478,20.2173913043478,20.4347826086957,20.4347826086957,20.4347826086957,20.2173913043478,20.0,20.0,23.695652173913,23.695652173913,23.695652173913,24.3478260869565,27.3913043478261,27.3913043478261,28.0434782608696,28.0434782608696,28.695652173913,28.695652173913
193,Pre-demographic dividend,PRE,,,,10.00741289844329,11.28831814415907,12.82398016677935,13.084504088907524,13.689604685212299,15.28672946620394,16.096954630205104,16.671909405473425,17.217696853537785,17.419756933624186,17.194210275170985,19.53313253012048,20.154594904093898,21.254612546125458,20.934805626985323,21.843148357870888,22.14094809396539,22.29316668930852,22.04561161022806,22.011331444759215,22.84183082271148
194,Puerto Rico,PRI,,,,,,,,,,,,,,,,,,,,,,,,
195,"Korea, Dem. Peoples Rep.",PRK,20.0873362445415,20.0873362445415,20.0873362445415,20.0873362445415,20.0873362445415,20.0873362445415,,20.0873362445415,20.0873362445415,20.0873362445415,20.0873362445415,20.0873362445415,15.5749636098981,15.5749636098981,15.5749636098981,15.5749636098981,15.5749636098981,16.3027656477438,16.3027656477438,16.3027656477438,16.3027656477438,16.3027656477438,17.6128093158661,17.6128093158661
196,Portugal,PRT,13.0434782608696,13.0434782608696,18.695652173913,17.3913043478261,18.695652173913,19.1304347826087,19.1304347826087,19.1304347826087,21.304347826087,21.304347826087,28.2608695652174,28.2608695652174,27.3913043478261,27.3913043478261,28.695652173913,28.695652173913,31.304347826087,31.304347826087,34.7826086956522,34.7826086956522,34.7826086956522,34.7826086956522,38.695652173913,
197,Paraguay,PRY,2.5,,2.5,2.5,2.5,2.5,8.75,10.0,10.0,10.0,10.0,12.5,12.5,12.5,12.5,12.5,17.5,15.0,15.0,15.0,13.75,15.0,15.0,16.25
198,West Bank and Gaza,PSE,,,,,,,,,,,,,,,,,,,,,,,,
199,Pacific island small states,PSS,2.586206896551724,2.0905923344947737,4.6583850931676976,,2.9498525073746307,3.1976744186046506,2.7355623100303945,3.5897435897435903,3.8560411311053993,,,,,,,,,4.864864864864865,5.675675675675675,6.46900269541779,7.277628032345014,7.795698924731183,7.774798927613941,8.378378378378379
200,Post-demographic dividend,PST,16.885917619150316,17.94929832503396,18.23885525591634,19.41747572815534,18.957345971563978,20.129270544783008,20.72454308093994,21.67047805727975,22.034078807241738,22.77564921243082,23.65762892078682,24.317723266433056,24.737456242707122,24.854204220125123,25.319420783645654,25.939329430548163,27.478002756281143,28.128388635870742,28.565245617831632,28.562155144433632,29.57156662729518,30.42777300085984,31.972496776966057,32.57364007740271
201,French Polynesia,PYF,,,,,,,,,,,,,,,,,,,,,,,,
202,Qatar,QAT,,,,,,,,,,0.0,0.0,0.0,0.0,0.0,0.0,0.0,0.0,0.0,0.0,0.0,9.75609756097561,9.75609756097561,9.75609756097561,9.75609756097561
203,Romania,ROU,7.28862973760933,7.28862973760933,7.28862973760933,,10.7246376811594,10.7246376811594,10.7246376811594,11.4457831325301,11.178247734139,11.178247734139,9.39393939393939,11.377245508982,11.377245508982,11.377245508982,11.2121212121212,13.3495145631068,13.3495145631068,13.5135135135135,13.715710723192,13.715710723192,20.6686930091185,20.6686930091185,21.8844984802432,21.8844984802432
204,Russian Federation,RUS,10.2222222222222,10.2222222222222,,7.70975056689342,7.57238307349666,7.57238307349666,7.57238307349666,9.84340044742729,9.84340044742729,9.84340044742729,14.0,14.0,14.0,14.0,13.5555555555556,13.5555555555556,13.5555555555556,13.5555555555556,13.5555555555556,12.6666666666667,15.7777777777778,15.7777777777778,15.7777777777778,15.7777777777778
205,Rwanda,RWA,17.1428571428571,17.1428571428571,17.1428571428571,25.7142857142857,25.6756756756757,25.6756756756757,48.75,48.75,48.75,48.75,48.75,56.25,56.25,56.25,56.25,56.25,63.75,63.75,63.75,63.75,61.25,61.25,61.25,61.25
206,South Asia,SAS,5.75581395348837,6.053550640279394,7.010309278350518,8.444096950742768,8.122362869198312,9.090909090909097,9.201101928374655,9.015942825728429,13.276434329065918,12.843601895734599,14.262905800957949,18.442447582370562,20.049504950495063,20.049504950495063,20.33758748456155,20.33758748456155,15.748898678414104,19.23872569300789,19.319114027891718,19.391947411668035,19.39991779695848,17.104557640750656,18.95734597156397,18.921475875118258
207,Saudi Arabia,SAU,,,,,,,0.0,0.0,0.0,0.0,0.0,0.0,0.0,0.0,0.0,0.0,19.8675496688742,19.8675496688742,19.8675496688742,19.8675496688742,19.8675496688742,19.8675496688742,19.8675496688742,19.8675496688742
208,Sudan,SDN,5.25,5.25,,,9.72222222222222,9.72222222222222,9.72222222222222,9.72222222222222,14.6666666666667,17.7777777777778,18.058690744921,18.058690744921,18.9189189189189,25.5605381165919,24.5762711864407,24.5762711864407,24.5762711864407,24.2937853107345,30.5164319248826,30.5164319248826,30.5164319248826,30.5164319248826,,
209,Senegal,SEN,11.6666666666667,12.1428571428571,12.1428571428571,12.1428571428571,16.6666666666667,19.1666666666667,19.1666666666667,19.1666666666667,19.1666666666667,19.1666666666667,22.0,22.0,22.6666666666667,22.6666666666667,22.6666666666667,42.6666666666667,42.6666666666667,43.3333333333333,42.6666666666667,42.6666666666667,41.8181818181818,41.8181818181818,41.8181818181818,43.030303030303
210,Singapore,SGP,4.76190476190476,4.76190476190476,4.3010752688172,4.3010752688172,11.7647058823529,11.7647058823529,15.9574468085106,15.9574468085106,15.9574468085106,21.1764705882353,24.468085106383,24.468085106383,23.4042553191489,23.4042553191489,22.2222222222222,24.2424242424242,24.2424242424242,25.2525252525253,23.9130434782609,23.7623762376238,23.0,23.0,23.0,29.4736842105263
211,Solomon Islands,SLB,,2.04081632653061,2.04081632653061,2.04081632653061,,0.0,0.0,0.0,0.0,0.0,0.0,0.0,0.0,0.0,0.0,2.0,2.0,2.0,2.0,2.0,2.0,2.04081632653061,4.08163265306122,6.38297872340426
212,Sierra Leone,SLE,,,8.75,8.75,8.75,,14.5161290322581,14.5161290322581,14.5161290322581,14.5161290322581,13.2231404958678,13.2231404958678,13.2231404958678,13.2231404958678,12.9032258064516,12.396694214876,12.396694214876,12.0967741935484,12.396694214876,12.396694214876,12.396694214876,12.3287671232877,12.3287671232877,12.3287671232877
213,El Salvador,SLV,15.4761904761905,16.6666666666667,16.6666666666667,9.52380952380952,9.52380952380952,9.52380952380952,10.7142857142857,10.7142857142857,10.7142857142857,16.6666666666667,16.6666666666667,16.6666666666667,19.047619047619,19.047619047619,19.047619047619,26.1904761904762,26.1904761904762,27.3809523809524,32.1428571428571,32.1428571428571,32.1428571428571,30.952380952381,30.952380952381,33.3333333333333
214,San Marino,SMR,11.6666666666667,13.3333333333333,13.3333333333333,13.3333333333333,16.6666666666667,16.6666666666667,16.6666666666667,16.6666666666667,16.6666666666667,11.6666666666667,11.6666666666667,15.0,16.6666666666667,16.6666666666667,18.3333333333333,16.6666666666667,18.3333333333333,18.3333333333333,16.6666666666667,23.3333333333333,26.6666666666667,26.6666666666667,25.0,33.3333333333333
215,Somalia,SOM,,,,,,,,,8.0,7.80669144981413,8.203125,8.203125,6.86456400742115,6.77655677655678,6.77655677655678,13.8181818181818,13.8181818181818,13.8181818181818,13.8181818181818,,24.3636363636364,24.3636363636364,24.3636363636364,24.3636363636364
216,Serbia,SRB,,,,,,,,,,12.0,20.4,21.6,21.6,21.6,22.0,33.2,33.2,34.0,34.0,34.0,34.4,34.4,37.6518218623482,38.8
217,Sub-Saharan Africa (excluding high income),SSA,10.138572180319247,10.883768913342509,,11.586257309941521,12.294828120161043,13.466803559206022,13.712728923868628,14.753012845980669,16.170544650981412,16.57891357390523,17.280599715652066,17.781530068840112,18.453897096281203,18.715047470412276,20.457370121799656,21.30946542422756,22.404833836858007,22.100547536087607,23.658792040032584,23.917573512387122,24.12394366197184,24.181756832752228,24.12229714019996,24.810964083175815
218,South Sudan,SSD,,,,,,,,,,,,,,,26.5060240963855,26.5060240963855,26.5060240963855,26.5060240963855,26.5060240963855,28.4595300261097,28.4595300261097,28.4595300261097,28.4595300261097,28.4595300261097
219,Sub-Saharan Africa,SSF,10.206896551724142,10.919540229885062,,11.585365853658537,12.28284059737885,13.466711499663752,13.708836239010582,14.735467015022868,16.237014236244715,16.639209225700167,17.30646601198827,17.800845828527496,18.464052287581694,18.737166324435318,20.53516631889039,21.375802349521617,22.45702005730659,22.158043504977265,23.636991028295373,23.810068649885583,24.016932159964362,24.074279995552107,24.07811602527284,24.75779152562158
220,Small states,SST,8.665338645418329,8.152686145146086,9.547993905535801,9.898107714701597,10.347985347985347,11.649089165867686,12.286838653257549,12.872467222884396,13.531746031746037,12.996108949416346,13.917122752150117,14.071370640713704,14.032971451548047,13.894482480869918,14.383286460425873,15.120967741935488,15.303643724696359,15.48492257538712,16.93989071038252,17.456647398843938,17.375745526838966,18.4978026368358,19.065704519559436,19.674612183125237
221,Sao Tome and Principe,STP,7.27272727272727,7.27272727272727,9.09090909090909,9.09090909090909,9.09090909090909,,9.09090909090909,9.09090909090909,9.09090909090909,7.27272727272727,1.81818181818182,7.27272727272727,7.27272727272727,18.1818181818182,18.1818181818182,18.1818181818182,18.1818181818182,18.1818181818182,18.1818181818182,18.1818181818182,18.1818181818182,14.5454545454545,14.5454545454545,14.5454545454545
222,Suriname,SUR,15.6862745098039,15.6862745098039,15.6862745098039,,17.6470588235294,17.6470588235294,17.6470588235294,19.6078431372549,25.4901960784314,25.4901960784314,25.4901960784314,25.4901960784314,25.4901960784314,9.80392156862745,11.7647058823529,11.7647058823529,11.7647058823529,11.7647058823529,25.4901960784314,25.4901960784314,25.4901960784314,25.4901960784314,31.3725490196078,29.4117647058824
223,Slovak Republic,SVK,14.6666666666667,14.6666666666667,12.6666666666667,14.0,14.0,17.3333333333333,19.3333333333333,16.6666666666667,16.6666666666667,20.0,19.3333333333333,19.3333333333333,18.0,15.3333333333333,16.0,18.6666666666667,18.6666666666667,18.6666666666667,18.6666666666667,20.0,20.0,20.0,20.0,22.6666666666667
224,Slovenia,SVN,7.77777777777778,7.77777777777778,7.77777777777778,,12.2222222222222,12.2222222222222,12.2222222222222,12.2222222222222,12.2222222222222,12.2222222222222,12.2222222222222,13.3333333333333,14.4444444444444,14.4444444444444,32.2222222222222,32.2222222222222,32.2222222222222,35.5555555555556,36.6666666666667,36.6666666666667,36.6666666666667,24.4444444444444,27.7777777777778,27.7777777777778
225,Sweden,SWE,40.4011461318052,40.4011461318052,42.6934097421203,42.6934097421203,42.6934097421203,44.9856733524355,45.2722063037249,45.2722063037249,45.2722063037249,47.2779369627507,46.9914040114613,46.9914040114613,46.4183381088825,44.9856733524355,44.6991404011461,44.6991404011461,44.9856733524355,44.6991404011461,43.5530085959885,43.5530085959885,43.5530085959885,46.1318051575931,47.2779369627507,46.9914040114613
226,Eswatini,SWZ,3.125,3.125,3.07692307692308,3.07692307692308,3.07692307692308,3.07692307692308,10.7692307692308,10.7692307692308,10.7692307692308,10.7692307692308,10.7692307692308,13.8461538461538,13.6363636363636,13.6363636363636,13.6363636363636,13.6363636363636,6.15384615384615,6.15384615384615,6.15384615384615,6.15384615384615,6.15384615384615,7.2463768115942,7.2463768115942,9.58904109589041
227,Sint Maarten (Dutch part),SXM,,,,,,,,,,,,,,,,,,,,,,,,
228,Seychelles,SYC,27.2727272727273,23.5294117647059,23.5294117647059,23.5294117647059,23.5294117647059,29.4117647058824,29.4117647058824,29.4117647058824,29.4117647058824,29.4117647058824,23.5294117647059,23.5294117647059,23.5294117647059,23.5294117647059,43.75,43.75,43.75,43.75,43.75,21.2121212121212,21.2121212121212,21.2121212121212,21.2121212121212,21.2121212121212
229,Syrian Arab Republic,SYR,9.6,9.6,10.4,10.4,10.4,10.4,12.0,12.0,12.0,12.0,12.0,12.4,12.4,12.4,12.4,12.0,12.0,12.0,12.4,13.2,13.2,13.2,13.2,11.2
230,Turks and Caicos Islands,TCA,,,,,,,,,,,,,,,,,,,,,,,,
231,Chad,TCD,2.4,2.4,2.4,2.4,2.4,,5.80645161290323,6.45161290322581,6.45161290322581,6.45161290322581,5.16129032258065,5.16129032258065,5.16129032258065,5.16129032258065,12.7659574468085,14.8936170212766,14.8936170212766,14.8936170212766,14.8936170212766,14.8936170212766,12.7659574468085,15.2542372881356,14.8809523809524,15.4320987654321
232,East Asia & Pacific (IDA & IBRD countries),TEA,,17.170785687938057,18.250471994965416,16.921658986175117,17.20372359470104,17.874911158493255,16.81230339042295,16.749528544488278,16.86808510638297,17.24882967230824,17.68080667593879,17.975778546712792,18.79621668099742,18.103448275862064,18.087484035759886,18.42857142857142,19.632678910702996,19.28288169200266,20.06417834825201,20.208367785678874,20.51112943116239,21.0586505472962,21.152944852366808,21.437519574068265
233,Europe & Central Asia (IDA & IBRD countries),TEC,7.185628742514968,7.701215981470757,,8.622652248150258,10.761789600967345,12.835434852893624,10.64257028112449,12.420946116873255,12.34721875779497,12.793373216751043,14.812286689419803,15.103189493433394,15.819337267362684,15.88195539535931,16.884580703336336,18.232044198895032,18.429203539823007,18.86960391633289,18.886414253897552,19.24191750278708,21.138952164009115,21.451104100946374,23.19134550371873,24.13170951736582
234,Togo,TGO,1.23456790123457,1.23456790123457,,4.93827160493827,4.93827160493827,4.93827160493827,7.40740740740741,6.17283950617284,7.40740740740741,8.64197530864197,11.1111111111111,11.1111111111111,11.1111111111111,11.1111111111111,11.1111111111111,11.1111111111111,15.3846153846154,17.5824175824176,17.5824175824176,17.5824175824176,17.5824175824176,17.5824175824176,16.4835164835165,18.6813186813187
235,Thailand,THA,5.59796437659033,5.59796437659033,5.59796437659033,4.81283422459893,9.2,9.2,9.2,8.83002207505519,10.6,8.67768595041322,11.7400419287212,11.6666666666667,13.3192389006343,13.3192389006343,15.8,15.8,15.8,6.09137055837564,6.09137055837564,6.09137055837564,4.8,5.28455284552846,16.2,15.7464212678937
236,Tajikistan,TJK,2.76243093922652,2.76243093922652,2.76243093922652,15.0,12.6984126984127,12.6984126984127,12.6984126984127,12.6984126984127,17.4603174603175,17.4603174603175,17.4603174603175,17.4603174603175,17.4603174603175,19.047619047619,19.047619047619,19.047619047619,19.047619047619,16.9491525423729,19.047619047619,19.047619047619,19.047619047619,19.047619047619,19.047619047619,23.8095238095238
237,Turkmenistan,TKM,18.0,18.0,,26.0,26.0,26.0,26.0,,16.0,16.0,16.0,,16.8,16.8,16.8,16.8,16.8,26.4,25.8064516129032,25.8064516129032,25.8064516129032,24.8,25.0,25.0
238,Latin America & the Caribbean (IDA & IBRD countries),TLA,11.254551473022179,12.90650406504065,11.770428015564198,12.636986301369861,11.762756792577859,14.024767801857577,15.395809080325954,16.04651162790697,17.484751670055182,17.679083094555875,18.68918145392101,18.69639794168096,19.356675206376316,19.65116279069768,19.58616780045351,21.286848072562357,21.82830354526809,23.993193420306294,24.269183922046295,25.612848689771774,26.540426810940787,27.800829875518687,28.36192584394024,29.75986277873071
239,Timor-Leste,TLS,,,,,,26.1363636363636,26.1363636363636,25.2873563218391,25.2873563218391,25.2873563218391,29.2307692307692,29.2307692307692,29.2307692307692,29.2307692307692,32.3076923076923,38.4615384615385,38.4615384615385,38.4615384615385,38.4615384615385,38.4615384615385,32.3076923076923,33.8461538461538,38.4615384615385,38.4615384615385
240,Middle East & North Africa (IDA & IBRD countries),TMN,3.9198606271777012,3.4936138241923373,3.8791495710555743,3.8817005545286487,3.995560488346279,5.678466076696166,6.014434643143545,6.957217113154749,6.40907697025453,8.632425742574267,8.849009900990106,8.76703841387857,9.085347200978896,10.98317094774136,10.508701472556885,14.167433302667884,16.420064958498735,16.751085383502172,16.901918204849792,17.567159674011474,16.581402347276576,16.937424789410368,16.26865671641793,16.402748730206167
241,Tonga,TON,0.0,0.0,,0.0,0.0,,0.0,0.0,3.44827586206897,3.33333333333333,3.33333333333333,3.125,3.125,0.0,3.57142857142857,3.57142857142857,3.57142857142857,0.0,0.0,0.0,7.69230769230769,7.40740740740741,7.40740740740741,7.40740740740741
242,South Asia (IDA & IBRD),TSA,5.75581395348837,6.053550640279394,7.010309278350518,8.444096950742768,8.12236286919831,9.090909090909095,9.201101928374655,9.015942825728427,13.276434329065918,12.843601895734597,14.26290580095795,18.44244758237056,20.049504950495063,20.049504950495063,20.33758748456155,20.33758748456155,15.748898678414104,19.23872569300789,19.319114027891718,19.391947411668035,19.39991779695848,17.10455764075066,18.95734597156397,18.92147587511826
243,Sub-Saharan Africa (IDA & IBRD countries),TSS,10.206896551724142,10.919540229885063,,11.585365853658537,12.28284059737885,13.466711499663756,13.708836239010582,14.735467015022866,16.237014236244715,16.639209225700167,17.30646601198827,17.800845828527493,18.464052287581698,18.737166324435318,20.53516631889039,21.375802349521617,22.45702005730659,22.15804350497726,23.636991028295377,23.810068649885583,24.01693215996436,24.074279995552104,24.078116025272838,24.757791525621585
244,Trinidad and Tobago,TTO,11.1111111111111,11.1111111111111,11.1111111111111,,11.1111111111111,19.4444444444444,19.4444444444444,19.4444444444444,19.4444444444444,19.4444444444444,26.8292682926829,26.8292682926829,26.8292682926829,28.5714285714286,28.5714285714286,28.5714285714286,28.5714285714286,28.5714285714286,30.952380952381,30.952380952381,30.952380952381,30.952380952381,30.952380952381,26.1904761904762
245,Tunisia,TUN,6.74846625766871,7.36196319018405,11.5384615384615,11.5384615384615,11.5384615384615,11.5384615384615,11.5384615384615,22.7513227513228,22.7513227513228,22.7513227513228,22.7513227513228,22.7513227513228,27.5700934579439,27.5700934579439,26.7281105990783,26.7281105990783,26.7281105990783,31.3364055299539,31.3364055299539,31.3364055299539,31.3364055299539,31.3364055299539,22.5806451612903,24.8847926267281
246,Turkey,TUR,2.36363636363636,2.36363636363636,4.18181818181818,4.18181818181818,4.18181818181818,,4.36363636363636,4.36363636363636,4.36363636363636,4.36363636363636,9.10746812386157,9.10746812386157,9.10746812386157,9.10746812386157,14.1818181818182,14.1818181818182,14.4160583941606,14.4160583941606,14.9090909090909,14.9090909090909,14.5719489981785,17.4496644295302,17.4496644295302,17.3174872665535
247,Tuvalu,TUV,8.33333333333333,,0.0,0.0,0.0,,0.0,0.0,0.0,0.0,0.0,0.0,0.0,0.0,6.66666666666667,6.66666666666667,6.66666666666667,6.66666666666667,6.66666666666667,6.66666666666667,6.66666666666667,6.66666666666667,6.25,6.25
248,Tanzania,TZA,17.4545454545455,17.4545454545455,16.3636363636364,,22.2627737226277,22.2627737226277,21.3559322033898,21.3559322033898,30.4075235109718,30.4075235109718,30.4075235109718,30.4075235109718,30.6501547987616,,36.0,36.0,36.0,36.0,36.0,36.5591397849462,37.1794871794872,37.1794871794872,36.8956743002545,36.8956743002545
249,Uganda,UGA,18.1159420289855,18.1159420289855,17.921146953405,17.7935943060498,24.6710526315789,24.6710526315789,24.6710526315789,23.9344262295082,23.9344262295082,29.8192771084337,30.7228915662651,30.7228915662651,31.4814814814815,31.2883435582822,34.9740932642487,34.9740932642487,34.9740932642487,34.9740932642487,34.9740932642487,33.4894613583138,34.2984409799555,34.2984409799555,34.8583877995643,34.8583877995643
250,Ukraine,UKR,3.77777777777778,,7.77777777777778,7.77777777777778,7.77777777777778,,5.33333333333333,5.33333333333333,5.33333333333333,8.66666666666667,8.22222222222222,8.22222222222222,8.0,8.0,8.0,9.43820224719101,9.43820224719101,11.6666666666667,12.085308056872,12.0192307692308,12.2931442080378,12.2931442080378,20.5188679245283,20.8037825059102
251,Upper middle income,UMC,,14.813408033425137,15.274151436031344,14.590508993494067,14.646142635941343,15.935379026861673,15.958885582905063,16.98179890440008,16.241958392513986,17.02092189714094,17.982850142915467,18.506627150736808,19.462269515067828,19.484402780022627,20.18464120856063,21.02136787393779,21.96522309711287,22.14827295703455,22.47989046722575,23.217427733556775,23.914699162223904,25.111316474838286,25.443161489673113,25.670622662981625
252,Uruguay,URY,7.07070707070707,7.07070707070707,12.1212121212121,12.1212121212121,12.1212121212121,12.1212121212121,12.1212121212121,12.1212121212121,11.1111111111111,11.1111111111111,12.1212121212121,12.1212121212121,14.1414141414141,15.1515151515152,12.1212121212121,12.1212121212121,12.1212121212121,13.1313131313131,16.1616161616162,16.1616161616162,20.2020202020202,20.2020202020202,19.1919191919192,21.2121212121212
253,United States,USA,11.7241379310345,11.7241379310345,13.3333333333333,,14.0229885057471,13.7931034482759,14.2528735632184,14.9425287356322,15.1724137931034,16.3218390804598,16.7816091954023,17.0114942528736,16.7816091954023,16.7816091954023,16.8202764976959,17.9723502304147,17.8240740740741,19.3103448275862,19.3548387096774,19.1685912240185,19.3548387096774,23.5023041474654,23.4338747099768,23.4338747099768
254,Uzbekistan,UZB,6.0,6.0,,7.2,7.2,7.2,7.2,17.5,17.5,17.5,17.5,17.5,22.0,22.0,22.0,22.0,22.0,22.0,16.0,16.0,16.0,16.0,16.0,32.0
255,St. Vincent and the Grenadines,VCT,9.52380952380952,,4.76190476190476,4.76190476190476,,22.7272727272727,22.7272727272727,22.7272727272727,18.1818181818182,18.1818181818182,18.1818181818182,18.1818181818182,21.7391304347826,14.2857142857143,17.3913043478261,17.3913043478261,13.0434782608696,13.0434782608696,13.0434782608696,13.0434782608696,13.0434782608696,13.0434782608696,13.0434782608696,13.0434782608696
256,"Venezuela, RB",VEN,5.91133004926108,5.91133004926108,12.1359223300971,,9.6969696969697,9.6969696969697,9.6969696969697,9.6969696969697,17.3652694610778,17.9640718562874,18.562874251497,18.562874251497,17.4698795180723,16.969696969697,16.969696969697,16.969696969697,16.969696969697,16.969696969697,16.969696969697,14.3712574850299,22.1556886227545,22.1556886227545,22.1556886227545,22.1556886227545
257,British Virgin Islands,VGB,,,,,,,,,,,,,,,,,,,,,,,,
258,Virgin Islands (U.S.),VIR,,,,,,,,,,,,,,,,,,,,,,,,
259,Vietnam,VNM,26.2222222222222,26.2222222222222,26.0,26.0,26.0,27.3092369477912,27.3092369477912,27.3092369477912,27.3092369477912,27.3092369477912,25.7606490872211,25.7606490872211,25.7606490872211,25.7606490872211,24.4,24.4,24.4,24.297188755020102,24.297188755020102,26.7206477732794,26.7206477732794,26.7206477732794,26.7206477732794,26.7206477732794
260,Vanuatu,VUT,,,0.0,0.0,0.0,1.92307692307692,1.92307692307692,3.84615384615385,3.84615384615385,3.84615384615385,3.84615384615385,3.84615384615385,3.84615384615385,3.84615384615385,1.92307692307692,0.0,0.0,0.0,0.0,0.0,0.0,0.0,0.0,0.0
261,World,WLD,11.69217106162044,13.070822231860715,13.520105471324987,13.904439526103372,14.090700870361886,15.197445911598782,15.179207215760742,15.89700056593096,16.474545010713605,16.969664226478294,17.86920230152084,18.442754632108816,19.025086573792592,19.15703781512605,19.827766725997275,20.75520429774265,21.777447441070294,22.188296516567544,22.84929915793364,23.091367424632168,23.590336674376765,24.097878271643182,24.636603686517805,25.204616457101544
262,Samoa,WSM,4.08163265306122,4.08163265306122,8.16326530612245,8.16326530612245,6.12244897959184,6.12244897959184,6.12244897959184,6.12244897959184,6.12244897959184,6.12244897959184,8.16326530612245,8.16326530612245,8.16326530612245,8.16326530612245,4.08163265306122,4.08163265306122,4.08163265306122,6.12244897959184,6.12244897959184,10.0,10.0,10.0,10.0,10.0
263,Kosovo,XKX,,,,,,,,,,,,,,,,,,,,,,,,
264,"Yemen, Rep.",YEM,,0.664451827242525,0.664451827242525,0.664451827242525,0.668896321070234,0.668896321070234,0.332225913621262,0.332225913621262,0.332225913621262,0.332225913621262,0.332225913621262,0.332225913621262,0.332225913621262,0.332225913621262,0.332225913621262,0.332225913621262,0.332225913621262,0.332225913621262,0.0,0.0,0.0,0.0,0.332225913621262,0.332225913621262
265,South Africa,ZAF,25.0,28.75,30.0,29.8245614035088,29.8245614035088,29.8245614035088,29.8245614035088,32.7787021630616,32.75,32.75,33.0,33.0,44.5,44.5,42.25,42.25,42.25,41.5,42.0,42.0,41.8367346938776,42.7480916030534,46.3476070528967,46.3659147869674
266,Zambia,ZMB,9.67741935483871,10.2564102564103,10.126582278481,10.126582278481,10.126582278481,12.025316455696201,12.025316455696201,12.025316455696201,12.6582278481013,14.6496815286624,15.1898734177215,15.1898734177215,14.0127388535032,14.0127388535032,11.4649681528662,11.4649681528662,11.4649681528662,10.7594936708861,12.6582278481013,17.9640718562874,17.9640718562874,17.9640718562874,17.9640718562874,16.7664670658683
267,Zimbabwe,ZWE,14.6666666666667,14.6666666666667,14.0,9.33333333333333,10.0,10.0,10.0,10.0,16.0,16.6666666666667,16.0,15.2380952380952,14.9532710280374,14.9532710280374,14.9532710280374,14.9532710280374,31.4814814814815,31.4814814814815,31.4814814814815,31.4814814814815,32.5757575757576,31.4814814814815,31.8518518518519,31.8518518518519
